n,old,new
2,2019/02/08/announcing-the-small-basic-online-1-0-public-preview/,Announcing-Small-Basic-Online-1-0-Public-Preview/ba-p/353682
3,2019/01/25/play-with-morse-code-in-small-basic-2/,Play-with-Morse-Code-in-Small-Basic-2/ba-p/338245
4,2019/01/19/play-with-morse-code-in-small-basic-1/,Play-with-Morse-Code-in-Small-Basic-1/ba-p/338242
5,2019/01/12/january-2019-small-basic-challenges/,January-2019-Small-Basic-Challenges/ba-p/338238
6,2019/01/10/who-will-be-announced-as-the-next-small-basic-guru-read-more-about-the-january-2019-competition/,Who-will-be-announced-as-the-next-Small-Basic-Guru-Read-more/ba-p/338237
7,2019/01/05/drawing-many-shapes-with-combination-of-small-basic-shapes/,Drawing-Many-Shapes-with-Combination-of-Small-Basic-Shapes/ba-p/338236
8,2018/12/21/december-small-basic-challenges/,December-Small-Basic-Challenges/ba-p/338229
9,2018/12/20/who-will-be-announced-as-the-next-small-basic-guru-read-more-about-december-2018-competition/,Who-will-be-announced-as-the-next-Small-Basic-Guru-Read-more/ba-p/338228
10,2018/11/09/exospheric-freight-service-small-basic-featured-game/,Exospheric-Freight-Service-Small-Basic-Featured-Game/ba-p/338227
11,2018/11/07/do-you-want-to-be-announced-as-the-next-small-basic-guru-read-about-the-technet-november-2018-competition/,Do-you-want-to-be-announced-as-the-next-Small-Basic-Guru-Read/ba-p/338224
12,2018/11/05/small-basic-november-code-challenges/,Small-Basic-November-Code-Challenges/ba-p/338222
13,2018/10/23/10th-anniversary-of-small-basic/,10th-Anniversary-of-Small-Basic/ba-p/338221
14,2018/10/19/small-basic-guru-competition-october-2018/,Small-Basic-Guru-Competition-October-2018/ba-p/338219
15,2018/10/18/small-basic-challenges-october-2018/,Small-Basic-Challenges-October-2018/ba-p/338217
16,2018/09/23/new-update-small-basic-website-2-1-small-basic-online-0-91/,NEW-UPDATES-Small-Basic-Website-2-1-Small-Basic-Online-0-91/ba-p/338216
17,2018/09/15/small-basic-bring-on-the-snail-shells-and-anemones/,Small-Basic-Bring-on-the-Snail-Shells-and-Animated-Anemones/ba-p/338212
18,2018/09/12/september-2018-small-basic-challenges/,September-2018-Small-Basic-Challenges-Ellipses-Snail-Shells/ba-p/338211
19,2018/09/11/who-will-be-announced-as-the-next-small-basic-guru-read-more-about-september-2018-competition/,Who-will-be-announced-as-the-next-Small-Basic-Guru-Read-more/ba-p/338210
20,2018/08/28/new-release-small-basic-online-public-preview-v0-9/,NEW-RELEASE-Small-Basic-Online-Public-Preview-v0-9/ba-p/338209
21,2018/08/27/last-week-for-the-august-small-basic-code-challenges/,Last-week-for-the-August-Small-Basic-Code-Challenges/ba-p/338204
22,2018/08/26/last-call-for-the-august-2018-small-basic-guru/,Last-call-for-the-August-2018-Small-Basic-Guru/ba-p/338203
23,2018/07/26/announcement-welcome-to-small-basic-website-2-0/,Announcement-Welcome-to-Small-Basic-Website-2-0/ba-p/338202
24,2018/07/22/who-will-be-announced-as-the-next-small-basic-guru-read-more-about-july-2018-competition/,Who-will-be-announced-as-the-July-2018-Small-Basic-Guru/ba-p/338200
25,2018/07/21/small-basic-monthly-challenges-july-2018/,Small-Basic-Monthly-Challenges-July-2018/ba-p/338199
26,2018/07/20/why-was-small-basic-1-3-released-in-uwp-and-addressing-the-communitys-concerns/,Why-was-Small-Basic-1-3-released-in-UWP-And-addressing-the/ba-p/338198
27,2018/07/18/small-basic-textwindow-and-keyboard-shortcuts/,Small-Basic-TextWindow-and-Keyboard-Shortcuts/ba-p/338197
28,2018/07/12/simakovs-click-the-button-small-basic-featured-program/,Simakov-s-Click-the-button-Small-Basic-Featured-Program/ba-p/338195
29,2018/06/26/search-small-basic-code-with-bing/,Search-Small-Basic-Code-with-Bing/ba-p/338192
30,2018/06/08/match-colours-or-symbols-small-basic-featured-program/,Match-Colours-or-Symbols-Small-Basic-Featured-Program/ba-p/338188
31,2018/06/01/method-to-convert-binary/,Method-to-Convert-Binary/ba-p/338184
32,2018/05/11/helper-to-solve-chaos-su-do-ku-small-basic-featured-program/,Helper-to-solve-Chaos-Su-Do-Ku-Small-Basic-featured-program/ba-p/338182
33,2018/04/27/small-basic-prime-extended-ide/,Small-Basic-Prime-extended-IDE/ba-p/338177
34,2018/04/22/small-basic-draw-circle-game/,Small-Basic-Draw-Circle-Game/ba-p/338173
35,2018/04/11/shapes-editor-using-polygon-for-small-basic/,Shapes-Editor-using-Polygon-for-Small-Basic/ba-p/338171
36,2018/04/07/who-will-be-announced-as-the-next-small-basic-guru-read-more-about-april-2018-competition/,Who-will-be-announced-as-the-next-Small-Basic-Guru-Read-more/ba-p/338168
37,2018/04/06/small-basic-monthly-challenges-april-2018/,Small-Basic-Monthly-Challenges-April-2018/ba-p/338166
38,2018/04/01/traffic-jam-simulation-with-small-basic/,Traffic-Jam-Simulation-with-Small-Basic/ba-p/338165
39,2018/02/16/reading-and-writing-html-with-small-basic/,Reading-and-Writing-HTML-with-Small-Basic/ba-p/338162
40,2018/01/30/small-basic-reference-updated-in-technet-wiki/,Small-Basic-Reference-Updated-in-TechNet-Wiki/ba-p/338161
41,2018/01/25/face-animation-with-small-basic/,Face-Animation-with-Small-Basic/ba-p/338160
42,2018/01/12/how-to-find-author-from-flickr-url-with-small-basic/,How-to-find-author-from-Flickr-URL-with-Small-Basic/ba-p/338158
43,2017/12/21/compose-your-own-music-with-small-basic/,Compose-Your-Own-Music-with-Small-Basic/ba-p/338157
44,2017/12/15/slide-show-with-small-basic/,Slide-Show-with-Small-Basic/ba-p/338154
45,2017/12/08/gui-designer-small-basic-featured-program/,GUI-Designer-Small-Basic-Featured-Program/ba-p/338151
46,2017/11/30/write-a-new-year-greeting-program-in-small-basic/,Write-a-new-year-greeting-program-in-Small-Basic/ba-p/338149
47,2017/10/29/draw-a-picture-of-halloween-with-small-basic/,Draw-a-Picture-of-Halloween-with-Small-Basic/ba-p/338147
48,2017/10/23/9th-anniversary-of-small-basic/,9th-Anniversary-of-Small-Basic/ba-p/338145
49,2017/10/10/small-basic-challenges-of-the-month-october-2017/,Small-Basic-Challenges-of-the-Month-October-2017/ba-p/338143
50,2017/10/09/who-will-be-announced-the-october-2017-small-basic-guru/,Who-will-be-announced-the-October-2017-Small-Basic-Guru/ba-p/338142
51,2017/09/25/contribute-for-new-programmers-with-technet-wiki-small-basic-articles/,Contribute-for-New-Programmers-with-TechNet-Wiki-Small-Basic/ba-p/338141
52,2017/09/19/what-is-small-basic-featured-video/,What-is-Small-Basic-Featured-Video/ba-p/338139
53,2017/09/13/small-basic-microbit/,Small-Basic-micro-bit/ba-p/338138
54,2017/09/06/new-tutorial-creative-coding-with-small-basic/,New-Tutorial-Creative-Coding-with-Small-Basic/ba-p/338134
55,2017/09/05/september-2017-small-basic-monthly-challenges/,September-2017-Small-Basic-Monthly-Challenges/ba-p/338132
56,2017/09/04/small-basic-with-xamarin-workbooks/,Small-Basic-with-Xamarin-Workbooks/ba-p/338130
57,2017/09/01/who-will-be-announced-the-next-microsoft-small-basic-guru-read-more-about-september-2017-competition/,Who-will-be-announced-the-next-Microsoft-Small-Basic-Guru-Read/ba-p/338126
58,2017/08/30/small-basic-guru-winning-articles-for-july-2017/,Small-Basic-Guru-Winning-Articles-for-July-2017/ba-p/338125
59,2017/08/28/you-can-be-a-girl-who-writes-code-and-wears-makeup/,You-can-be-a-girl-who-writes-code-and-wears-makeup/ba-p/338121
60,2017/08/28/play-with-microbit-and-small-basic/,Play-with-micro-bit-and-Small-Basic/ba-p/338120
61,2017/08/27/computer-science-in-education-women-and-men-brains/,Computer-Science-in-Education-Women-and-Men-Brains/ba-p/338117
62,2017/08/25/last-week-of-the-august-2017-small-basic-monthly-challenges/,Last-week-of-the-August-2017-Small-Basic-Monthly-Challenges/ba-p/338115
63,2017/08/21/small-basic-mystery-of-round-operation/,Small-Basic-Mystery-of-Round-Operation/ba-p/338114
64,2017/08/14/small-basic-1-3-quick-review/,Small-Basic-1-3-Quick-Review/ba-p/338113
65,2017/08/07/small-basic-1-3-available-now/,Small-Basic-1-3-for-Microsoft-Store-available-now/ba-p/338112
66,2017/07/31/book-info-reviews-beginning-microsoft-small-basic-a-computer-programming-tutorial-by-philip-conrod-lou-tylee/,Book-Info-Reviews-8220-Beginning-Microsoft-Small-Basic-A/ba-p/338110
67,2017/07/24/small-basic-graduate-with-vs2017/,Small-Basic-Graduate-with-VS2017/ba-p/338107
68,2017/07/18/who-will-be-announced-the-next-microsoft-small-basic-guru-read-more-about-july-2017-competition/,Who-will-be-announced-the-next-Microsoft-Small-Basic-Guru-Read/ba-p/338105
69,2017/07/12/small-basic-challenges-of-the-month-july-2017/,Small-Basic-Challenges-of-the-Month-July-2017/ba-p/338104
70,2017/07/09/small-basic-teaching-girls-to-code-what-are-we-doing-and-where-are-we-headed/,Small-Basic-Teaching-Girls-to-Code-What-are-we-doing-and-where/ba-p/338103
71,2017/07/04/small-basic-textbox-ux-part-2/,Small-Basic-Textbox-UX-Part-2/ba-p/338102
72,2017/06/28/finish-june-strong-small-basic-challenges-and-guru-wiki-contest/,Finish-June-Strong-Small-Basic-Challenges-and-Guru-Wiki-Contest/ba-p/338099
73,2017/06/25/other-small-basic-system/,Other-Small-Basic-Systems/ba-p/338098
74,2017/06/14/small-basic-syntax-highlighter/,Small-Basic-Syntax-Highlighter/ba-p/338094
75,2017/06/06/small-basic-international-resources-update-2017/,Small-Basic-International-Resources-Update-2017/ba-p/338093
76,2017/05/30/bringing-small-basic-to-the-decatur-hs-computer-science-club/,Decatur-HS-Computer-Science-Club-Small-Basic-Workshop/ba-p/338092
77,2017/05/28/small-basic-pictionary-project/,Small-Basic-Pictionary-Project/ba-p/338085
78,2017/05/23/microsoft-small-basic-gurus-needed-for-may-2017-apply-within-no-one-turned-away/,Microsoft-Small-Basic-Gurus-Needed-for-May-2017-Apply-Within-No/ba-p/338080
79,2017/05/22/small-basic-musical-score/,Small-Basic-Musical-Score/ba-p/338079
80,2017/05/20/small-basic-challenges-of-the-month-may-2017/,Small-Basic-Challenges-of-the-Month-May-2017/ba-p/338077
81,2017/05/19/book-info-reviews-the-developers-reference-guide-to-microsoft-small-basic-by-philip-conrod-lou-tylee/,Book-Info-Reviews-8220-The-Developer-8217-s-Reference-Guide-to/ba-p/338076
82,2017/05/17/talking-small-basic-at-the-2017-teals-puget-sound-cs-fair/,Talking-Small-Basic-at-the-2017-TEALS-Puget-Sound-CS-Fair/ba-p/338074
83,2017/05/15/small-basic-binary-quiz/,Small-Basic-Binary-Quiz/ba-p/338072
84,2017/04/17/small-basic-with-powershell/,Small-Basic-with-PowerShell/ba-p/338070
85,2017/04/10/small-basic-multilayered-perceptron/,Small-Basic-Multilayered-Perceptron/ba-p/338068
86,2017/04/08/calling-all-wise-men-and-women-small-basic-gurus-needed-apply-within-no-one-turned-away/,Calling-All-Wise-Men-and-Women-Small-Basic-Gurus-Needed-Apply/ba-p/338065
87,2017/04/06/small-basic-challenges-of-the-month-april-2017/,Small-Basic-Challenges-of-the-Month-April-2017/ba-p/338064
88,2017/04/04/learn-small-basic/,Learn-Small-Basic/ba-p/338063
89,2017/03/31/big-news-small-basic-available-on-windows-app-store/,Big-News-Small-Basic-available-on-Windows-App-Store/ba-p/338061
90,2017/03/28/small-basic-quilt-show-case/,Small-Basic-Quilt-Show-Case/ba-p/338059
91,2017/03/23/microsoft-partners-with-ignite-worldwide-to-teach-54-high-school-girls-how-to-code-with-microsoft-small-basic/,Microsoft-partners-with-IGNITE-Worldwide-to-teach-54-High-School/ba-p/338052
92,2017/03/20/small-basic-game-programming-bowling-game/,Small-Basic-Game-Programming-Bowling-Game/ba-p/338039
93,2017/03/13/small-basic-train/,Small-Basic-Train/ba-p/338033
94,2017/03/06/tinkering-arduino-and-small-basic/,Tinkering-Arduino-and-Small-Basic/ba-p/338028
95,2017/03/05/guru-where-are-you-time-for-the-march-2017-microsoft-small-basic-guru-awards/,Guru-Where-are-you-Time-for-the-March-2017-Microsoft-Small-Basic/ba-p/338018
96,2017/03/03/small-basic-challenges-of-the-month-march-2017/,Small-Basic-Challenges-of-the-Month-March-2017/ba-p/338017
97,2017/02/25/small-basic-authors-take-some-titles-in-the-top-20-technet-guru-award-winners/,Small-Basic-Authors-take-some-titles-in-the-Top-20-TechNet-Guru/ba-p/338016
98,2017/02/18/december-2016-small-basic-guru-awards-accessibility-and-troubleshooting-abound/,December-2016-Small-Basic-Guru-Awards-Accessibility-and/ba-p/338012
99,2017/02/11/small-basic-language-packs/,Small-Basic-Language-Packs/ba-p/338009
100,2017/02/08/small-basic-creating-bart-simpsons-head-in-3d/,Small-Basic-Creating-Bart-Simpsons-head-in-3D/ba-p/338002
101,2017/02/03/want-to-be-the-microsoft-technet-small-basic-guru-for-february-2017/,Want-to-be-the-Microsoft-TechNet-Small-Basic-Guru-for-February/ba-p/338001
102,2017/01/18/who-will-be-crowned-the-first-small-basic-guru-of-2017/,Who-will-be-crowned-the-First-Small-Basic-Guru-of-2017/ba-p/338000
103,2017/01/16/small-basic-artificial-neuron/,Small-Basic-Artificial-Neuron/ba-p/337999
104,2017/01/09/small-basic-kinect-motion-recorder/,Small-Basic-Kinect-Motion-Recorder/ba-p/337997
105,2017/01/08/small-basic-challenges-of-the-month-january-2017-featuring-johannes-kepler-isaac-newton-and-golf-putting/,Small-Basic-Challenges-of-the-Month-January-2017-featuring/ba-p/337995
106,2017/01/02/happy-new-year-with-small-basic/,Happy-New-Year-with-Small-Basic/ba-p/337994
107,2016/12/29/algorithm-basics-in-small-basic/,Algorithm-Basics-in-Small-Basic/ba-p/337989
108,2016/12/21/small-basic-troubleshooting-sound-play-doesnt-work-on-some-versions-of-windows-10/,Small-Basic-Troubleshooting-Sound-Play-doesn-t-work-on-some/ba-p/337988
109,2016/12/16/small-basic-december-2016-challenges-of-the-month/,Small-Basic-December-2016-Challenges-of-the-Month/ba-p/337987
110,2016/12/14/who-will-be-crowned-the-last-small-basic-guru-of-2016/,Who-will-be-crowned-the-last-Small-Basic-Guru-of-2016/ba-p/337986
111,2016/12/09/microsoft-coding-for-kids/,Microsoft-Coding-for-Kids/ba-p/337985
112,2016/12/05/small-basic-think-about-textbox-ux/,Small-Basic-Think-about-Textbox-UX/ba-p/337970
113,2016/11/16/small-basic-november-community-challenges-guitar-chords-drawing-freehand-subtractive-colors/,Small-Basic-November-Community-Challenges-Guitar-Chords-Drawing/ba-p/337966
114,2016/11/14/learn-abstract-and-concrete-with-small-basic/,Learn-Abstract-and-Concrete-with-Small-Basic/ba-p/337962
115,2016/11/11/small-basic-accessibility-enlarging-the-text-and-hiding-intellisense-the-help-pane/,Small-Basic-Accessibility-Enlarging-the-text-and-Hiding/ba-p/337960
116,2016/11/09/calling-all-small-basic-gurus-november-readers-need-feeding/,Calling-all-Small-Basic-Gurus-November-readers-need-feeding/ba-p/337959
117,2016/11/07/small-basic-challenges-of-the-month-november-2016-scrolling-text-banner-sb-logo-turtle-mascot-tic-tac-toe-and-checkers/,Small-Basic-Challenges-of-the-Month-November-2016-Scrolling-Text/ba-p/337958
118,2016/11/02/small-basic-guru-september-2016-gold-medal-winner/,Small-Basic-Guru-September-2016-Gold-Medal-Winner/ba-p/337956
119,2016/10/31/draw-a-pumpkin-with-small-basic/,Draw-a-Pumpkin-with-Small-Basic/ba-p/337952
120,2016/10/30/road-to-small-basic-1-3-blog-2-new-mascots/,Road-to-Small-Basic-Online-Blog-2-New-Mascots/ba-p/337947
121,2016/10/23/happy-birthday-small-basic-the-8th-anniversery/,Happy-Birthday-Small-Basic-The-8th-Anniversary/ba-p/337933
122,2016/10/17/small-basic-arduino-sample-programs/,Small-Basic-Arduino-Sample-Programs/ba-p/337931
123,2016/10/14/calling-all-small-basic-gurus-october-readers-need-feeding/,Calling-all-Small-Basic-Gurus-October-readers-need-feeding/ba-p/337926
124,2016/10/10/small-basic-kinect-sensing/,Small-Basic-Kinect-Sensing/ba-p/337924
125,2016/10/08/small-basic-october-2016-challenges-of-the-month-spinning-top-tic-tac-toe-calculating-change-and-more/,Small-Basic-October-2016-Challenges-of-the-Month-Spinning-Top/ba-p/337921
126,2016/09/26/features-of-small-basic-array/,Features-of-Small-Basic-Array/ba-p/337920
127,2016/09/25/featured-small-basic-wiki-article-read-and-write-csv-files/,Featured-Small-Basic-Wiki-Article-Read-and-Write-CSV-Files/ba-p/337918
128,2016/09/19/multitasking-in-small-basic/,Multitasking-in-Small-Basic/ba-p/337917
129,2016/09/18/small-basic-has-2-4-million-installations-plus-10-other-factoids/,Small-Basic-has-2-4-Million-Installations-plus-10-other-factoids/ba-p/337913
130,2016/09/12/small-basic-synchronous-and-asynchronous-type-operations/,Small-Basic-Synchronous-and-Asynchronous-Type-Operations/ba-p/337912
131,2016/09/09/hey-small-basic-professional-help-us-to-help-you-and-become-globally-known-for-being-awesome-at-what-you-do/,Hey-Small-Basic-expert-Help-us-to-help-you-and-become-globally/ba-p/337911
132,2016/09/07/small-basic-challenges-of-the-month-september-2016/,Small-Basic-Challenges-of-the-Month-September-2016/ba-p/337907
133,2016/09/05/small-basic-dice-programs/,Small-Basic-Dice-Programs/ba-p/337906
134,2016/09/03/guest-blog-video-installing-running-microsoft-small-basic-in-azure/,GUEST-BLOG-VIDEO-Installing-Running-Microsoft-Small-Basic-in/ba-p/337902
135,2016/09/01/the-small-basic-guru-awards-july-2016/,The-Small-Basic-Guru-Awards-July-2016/ba-p/337901
136,2016/08/29/small-basic-characters-for-games/,Small-Basic-Characters-for-Games/ba-p/337897
137,2016/08/22/small-basic-flipping-shapes/,Small-Basic-Flipping-Shapes/ba-p/337892
138,2016/08/19/small-basic-gurus-step-up-and-be-known/,Small-Basic-Gurus-step-up-and-be-known/ba-p/337889
139,2016/08/17/small-basic-august-2016-challenges-breakout-game-find-replace-fixed-numbers-and-more/,Small-Basic-August-2016-Challenges-Breakout-Game-Find-Replace/ba-p/337888
140,2016/08/15/small-basic-design-your-original-car/,Small-Basic-Design-Your-Original-Car/ba-p/337886
141,2016/08/08/flag-of-brazil-drawn-with-small-basic/,Flag-of-Brazil-drawn-with-Small-Basic/ba-p/337884
142,2016/08/01/small-basic-draw-moon-quiz/,Small-Basic-Draw-Moon-Quiz/ba-p/337881
143,2016/07/30/small-basic-downloading-the-litdev-extension/,Small-Basic-Downloading-the-LitDev-Extension/ba-p/337879
144,2016/07/29/small-basic-exploring-new-logos-part-1/,Road-to-Small-Basic-Online-Blog-1-Exploring-New-Logos/ba-p/337878
145,2016/07/25/small-basic-traditional-patterns/,Small-Basic-Traditional-Patterns/ba-p/337865
146,2016/07/18/small-basic-gather-code-samples/,Small-Basic-Gather-Code-Samples/ba-p/337861
147,2016/07/15/small-basic-featured-programs-multi-colored-spirals/,Small-Basic-Featured-Programs-Multi-Colored-Spirals/ba-p/337859
148,2016/07/13/small-basic-gurus-needed-for-july/,Small-Basic-Gurus-needed-for-July/ba-p/337855
149,2016/07/11/small-basic-case-insensitive/,Small-Basic-Case-Insensitive/ba-p/337854
150,2016/07/08/here-have-a-turtle/,Here-have-a-turtle/ba-p/337853
151,2016/07/08/small-basic-extension-maestro-servo-controller/,Small-Basic-Extension-Micro-Maestro-Servo-Controller/ba-p/337851
152,2016/07/06/small-basic-july-challenges-rotating-text-chain-with-physics-polygon-shapes-and-the-snake-game-challenge/,Small-Basic-July-Challenges-Rotating-Text-Chain-with-Physics/ba-p/337849
153,2016/07/04/small-basic-stripes-sample/,Small-Basic-Stripes-Sample/ba-p/337848
154,2016/07/03/small-basic-talking-to-raspberry-pi/,Small-Basic-Talking-to-Raspberry-Pi/ba-p/337844
155,2016/07/01/small-basic-guru-winners-may-2016/,Small-Basic-Guru-Winners-May-2016/ba-p/337841
156,2016/06/27/small-basic-art-with-turtle/,Small-Basic-Art-with-Turtle/ba-p/337840
157,2016/06/22/book-review-learn-to-program-with-small-basic-from-middle-and-senior-school-teacher-in-australia-susan-nicholson/,Book-Review-quot-Learn-to-Program-with-Small-Basic-quot-from/ba-p/337838
158,2016/06/20/small-basic-international-resources-update-2016/,Small-Basic-International-Resources-Update-2016/ba-p/337836
159,2016/06/19/3d-visualisation/,Small-Basic-3D-Visualisation/ba-p/337835
160,2016/06/18/learn-to-program-with-small-basic-book-review-by-middle-school-teacher-martin-fish/,quot-Learn-to-Program-with-Small-Basic-quot-Book-Review-by/ba-p/337826
161,2016/06/13/mars-orbit-in-small-basic/,MARS-Orbit-in-Small-Basic/ba-p/337824
162,2016/06/12/do-you-teach-lego-mindstorms-ev3-take-it-to-the-next-level/,Do-you-teach-Lego-Mindstorms-EV3-Take-it-to-the-next-level/ba-p/337821
163,2016/06/10/small-basic-gurus-where-are-you-scooby-doo-join-the-june-guru-competition/,Small-Basic-Gurus-Where-are-you-Scooby-Doo-Join-the-June-Guru/ba-p/337820
164,2016/06/08/date-calculator-small-basic-sample-program/,Date-Calculator-Small-Basic-Sample-Program/ba-p/337819
165,2016/06/06/announcing-the-20-small-basic-book-giveaway-winners-learn-to-program-with-small-basic-an-introduction-to-programming-with-games-art-science-and-math/,ANNOUNCING-THE-20-SMALL-BASIC-BOOK-GIVEAWAY-WINNERS-quot-Learn/ba-p/337817
166,2016/06/04/small-basic-june-challenges-psychedelic-spiral-mars-orbit-anagrams-on-screen-keyboard-and-more/,Small-Basic-June-Challenges-Psychedelic-Spiral-MARS-orbit/ba-p/337813
167,2016/05/30/drawing-voxel-and-cuboid-in-small-basic/,Drawing-Voxel-and-Cuboid-in-Small-Basic/ba-p/337812
168,2016/05/23/turtle-brick-small-basic-sample-program/,Turtle-Brick-Small-Basic-Sample-Program/ba-p/337809
169,2016/05/14/may-day-we-need-you-as-a-technet-small-basic-guru/,May-Day-We-need-YOU-as-a-TechNet-Small-Basic-Guru/ba-p/337807
170,2016/05/13/characters-for-names-in-small-basic/,Characters-for-Names-in-Small-Basic/ba-p/337803
171,2016/05/03/small-basic-may-2016-challenges-of-the-month/,Small-Basic-May-2016-Challenges-of-the-Month/ba-p/337802
172,2016/05/02/fractals-in-small-basic/,Fractals-in-Small-Basic/ba-p/337801
173,2016/04/30/small-basic-extension-manager/,Small-Basic-Extension-Manager/ba-p/337793
174,2016/04/30/small-basic-hardware-story/,Small-Basic-Hardware-Story/ba-p/337790
175,2016/04/27/msdn-blog-article-list-small-basic-tools/,MSDN-Blog-Article-List-Small-Basic-Tools/ba-p/337785
176,2016/04/19/build-month-so-much-new-to-know-small-basic-gurus-needed/,Build-month-So-much-new-to-know-Small-Basic-Gurus-needed/ba-p/337782
177,2016/04/18/chess-problems-in-small-basic/,Chess-Problems-in-Small-Basic/ba-p/337781
178,2016/04/15/small-basic-challenges-of-the-month-april-2016/,Small-Basic-Challenges-of-the-Month-April-2016/ba-p/337778
179,2016/04/13/new-project-sbdoc-started/,New-Project-SBDoc-Started/ba-p/337777
180,2016/04/08/small-basic-at-the-teals-cs-fair/,Small-Basic-at-the-TEALS-CS-Fair/ba-p/337774
181,2016/04/04/most-popular-algorithm/,Most-Popular-Algorithm/ba-p/337772
182,2016/03/28/small-basic-new-blog/,Small-Basic-New-Blog/ba-p/337770
183,2016/03/26/new-oculus-rift-extension-for-small-basic-oculus-sb/,New-Oculus-Rift-Extension-for-Small-Basic-Oculus-SB/ba-p/337766
184,2016/03/24/book-giveaway-win-a-free-copy-of-our-new-book-learn-to-program-with-small-basic/,BOOK-GIVEAWAY-Win-a-free-copy-of-our-new-book-quot-Learn-to/ba-p/337764
185,2016/03/22/small-basic-arduino/,Small-Basic-Arduino/ba-p/337762
186,2016/03/21/units-of-measurement-in-small-basic/,Units-of-Measurement-in-Small-Basic/ba-p/337758
187,2016/03/18/calling-all-small-basic-gurus-its-time-to-march-into-the-history-books/,Calling-all-Small-Basic-Gurus-It-s-time-to-MARCH-into-the/ba-p/337757
188,2016/03/14/small-basic-featured-thread-suggestion-for-a-challenge-calculations-by-hand/,Small-Basic-Featured-Thread-Suggestion-for-a-challenge/ba-p/337756
189,2016/03/12/small-basic-textwindow-colors/,Small-Basic-TextWindow-Colors/ba-p/337753
190,2016/03/12/small-basic-chord-sounds/,Small-Basic-Chord-Sounds/ba-p/337751
191,2016/03/07/physics-in-small-basic/,Physics-in-Small-Basic/ba-p/337749
192,2016/03/02/small-basic-monthly-challenges-march-2016/,Small-Basic-Monthly-Challenges-March-2016/ba-p/337745
193,2016/02/29/cartesian-and-polar-coordinates-in-small-basic/,Cartesian-and-Polar-Coordinates-in-Small-Basic/ba-p/337744
194,2016/02/24/small-basic-featured-article-how-to-publish-your-program/,Small-Basic-Featured-Article-How-to-Publish-Your-Program/ba-p/337740
195,2016/02/23/small-basic-guru-awards-january-2016-winners/,Small-Basic-Guru-Awards-January-2016-Winners/ba-p/337738
196,2016/02/22/vector-sample-in-small-basic/,Vector-Sample-in-Small-Basic/ba-p/337734
197,2016/02/17/featured-article-interviews-with-vijaye-raji-the-creator-of-small-basic/,Featured-Article-Interviews-with-Vijaye-Raji-the-creator-of/ba-p/337729
198,2016/02/15/small-basic-curriculum-videos-by-mr-adams/,Small-Basic-Curriculum-Videos-by-Mr-Adams/ba-p/337728
199,2016/02/12/small-basic-1-2-installation-guide-featured-article/,Small-Basic-1-2-Installation-Guide-Featured-Article/ba-p/337727
200,2016/02/11/small-basic-featured-article-parameter-or-return-value-range-for-math-function/,Small-Basic-Featured-Article-Parameter-or-Return-Value-Range-for/ba-p/337707
201,2016/02/05/small-basic-invalid-variable-names/,Small-Basic-Invalid-Variable-Names/ba-p/337703
202,2016/02/04/you-could-be-our-fabulous-february-small-basic-guru/,You-could-be-our-Fabulous-February-Small-Basic-Guru/ba-p/337702
203,2016/01/31/small-basic-featured-article-automatic-type-conversion/,Small-Basic-Featured-Article-Automatic-Type-Conversion/ba-p/337697
204,2016/01/26/introduction-to-microsofts-small-basic-by-martin-fish-class-1/,Introduction-to-Microsoft-8217-s-Small-Basic-by-Martin-Fish/ba-p/337696
205,2016/01/25/small-basic-featured-thread-fremys-extension-updated-for-small-basic-v1-2/,Small-Basic-Featured-Thread-Fremy-s-extension-updated-for-Small/ba-p/337693
206,2016/01/18/small-basic-coding-patterns/,Small-Basic-Coding-Patterns/ba-p/337691
207,2016/01/13/featured-small-basic-program-xy-graph-from-bluegrams/,Featured-Small-Basic-Program-XY-Graph-from-Bluegrams/ba-p/337689
208,2016/01/12/small-basic-january-february-2016-challenges-card-snap-game-slalom-skiing-game-gravity-ball-holiday-calendar-countdown-pathmapping-background-color-file-management/,Small-Basic-January-February-2016-Challenges-Card-quot-Snap-quot/ba-p/337686
209,2016/01/11/small-basic-zodiac-sign-update/,Small-Basic-Zodiac-Sign-Update/ba-p/337685
210,2016/01/08/be-our-small-basic-technet-guru-of-2016-and-become-renowned-in-community-and-professional-circles/,Be-our-Small-Basic-TechNet-Guru-of-2016-and-become-renowned-in/ba-p/337681
211,2016/01/07/small-basic-program-for-technet-guru-iconography/,Small-Basic-Program-for-TechNet-Guru-Iconography/ba-p/337679
212,2016/01/06/123-calculator-and-christmas-tree-turtle/,123-Calculator-and-Christmas-Tree-Turtle/ba-p/337677
213,2016/01/01/small-basic-featured-game-small-block-builder-v-0-1-1/,Small-Basic-Featured-Game-Small-Block-Builder-v-0-1-1/ba-p/337675
214,2015/12/29/featured-small-basic-article-leap-year-checker/,Featured-Small-Basic-Article-Leap-Year-Checker/ba-p/337673
215,2015/12/28/upgraded-calendar-in-small-basic/,Upgraded-Calendar-in-Small-Basic/ba-p/337670
216,2015/12/24/beginning-microsoft-small-basic-review-by-janelle-n-her-son-age-10/,Beginning-Microsoft-Small-Basic-Review-by-Janelle-N-her-son-age/ba-p/337666
217,2015/12/22/small-basic-november-guru-award-winners/,Small-Basic-November-Guru-Award-Winners/ba-p/337662
218,2015/12/21/small-basic-featured-program-program-database/,Small-Basic-Featured-Program-Program-Database/ba-p/337658
219,2015/12/18/beginning-microsoft-small-basic-review-by-tere-s-her-son-age-12/,Beginning-Microsoft-Small-Basic-Review-by-Tere-S-her-son-age-12/ba-p/337656
220,2015/12/14/illumination-in-small-basic/,Illumination-in-Small-Basic/ba-p/337647
221,2015/12/10/small-basic-featured-program-fluid-particle-simulation/,Small-Basic-Featured-Program-Fluid-Particle-Simulation/ba-p/337645
222,2015/12/08/128-updates-small-basic-program-galleries/,12-8-UPDATES-Small-Basic-Program-Galleries/ba-p/337643
223,2015/12/07/who-will-be-crowned-the-last-small-basic-guru-of-2015/,Who-will-be-crowned-the-last-Small-Basic-Guru-of-2015/ba-p/337642
224,2015/12/07/multi-language-programming-in-small-basic/,Multi-Language-Programming-in-Small-Basic/ba-p/337640
225,2015/12/04/small-basic-challenges-of-the-month-december-2015-turtle-tree-your-national-anthem-euler-stickman-ai-and-more/,Small-Basic-Challenges-of-the-Month-December-2015-turtle-tree/ba-p/337637
226,2015/12/03/lego-mindstorms-ev3-basic-leveraging-the-small-basic-graphics-window/,Lego-Mindstorms-EV3-Basic-Leveraging-the-Small-Basic-Graphics/ba-p/337636
227,2015/11/30/small-basic-toc-for-challenges-blog-posts-and-wiki-articles/,Small-Basic-TOC-for-Challenges-Blog-Posts-and-Wiki-Articles/ba-p/337633
228,2015/11/26/small-basic-featured-article-how-to-use-trigonometric-functions/,Small-Basic-Featured-Article-How-to-Use-Trigonometric-Functions/ba-p/337629
229,2015/11/23/drawing-pictures-with-small-basic/,Drawing-Pictures-with-Small-Basic/ba-p/337626
230,2015/11/21/small-basic-technical-guru-winners-october-2015/,Small-Basic-Technical-Guru-Winners-October-2015/ba-p/337614
231,2015/11/20/small-basic-featured-program-wavelength-to-rgb-converter/,Small-Basic-Featured-Program-Wavelength-To-RGB-Converter/ba-p/337610
232,2015/11/16/small-basic-controls-and-challenges/,Small-Basic-Controls-and-Challenges/ba-p/337609
233,2015/11/13/small-basic-ninjas-needed-for-the-november-gurus-application-details-within/,Small-Basic-Ninjas-needed-for-the-November-Gurus-Application/ba-p/337591
234,2015/11/09/small-basic-shapes-from-microsoft-excel/,Small-Basic-Shapes-from-Microsoft-Excel/ba-p/337589
235,2015/11/06/featured-small-basic-article-bring-on-the-emoji/,Featured-Small-Basic-Article-Bring-on-the-Emoji/ba-p/337585
236,2015/11/04/small-basic-using-a-sentinel-for-loop-control/,Small-Basic-Using-a-Sentinel-for-Loop-Control/ba-p/337582
237,2015/11/02/small-basic-could-change-your-life-forever/,Small-Basic-could-change-your-life-forever/ba-p/337578
238,2015/11/01/the-september-small-basic-guru-awards-behold-the-cream-of-the-community/,The-September-Small-Basic-Guru-Awards-Behold-the-cream-of-the/ba-p/337577
239,2015/10/31/small-basic-shapes-from-microsoft-office/,Small-Basic-Shapes-from-Microsoft-Office/ba-p/337573
240,2015/10/27/featured-games-small-block-builder-triple-six/,Featured-Games-Small-Block-Builder-Triple-Six/ba-p/337569
241,2015/10/23/small-basic-1-2-release-notes/,Small-Basic-1-2-Release-Notes/ba-p/337566
242,2015/10/22/oculus-rift-with-small-basic/,Oculus-Rift-with-Small-Basic/ba-p/337557
243,2015/10/19/nui-grab-kinect-for-small-basic-sample-program/,NUI-Grab-Kinect-for-Small-Basic-Sample-Program/ba-p/337555
244,2015/10/18/lego-mindstorms-ev3-extension-for-small-basic-ev3-basic/,Lego-Mindstorms-EV3-extension-for-Small-Basic-EV3-Basic/ba-p/337553
245,2015/10/17/small-basic-monthly-challenges-october-november/,Small-Basic-Monthly-Challenges-October-November/ba-p/337552
246,2015/10/15/small-basic-featured-program-database-sample/,Small-Basic-Featured-Program-Database-Sample/ba-p/337551
247,2015/10/13/small-basic-1-2-rapide-aperu-fr-fr/,Small-Basic-1-2-Rapide-Aper-231-u-fr-FR/ba-p/337549
248,2015/10/12/small-basic-new-dictionary-object/,Small-Basic-New-Dictionary-Object/ba-p/337546
249,2015/10/10/small-basic-featured-program-a-crazy-way-to-draw-a-clown/,Small-Basic-Featured-Program-A-crazy-way-to-draw-a-clown/ba-p/337542
250,2015/10/08/shocktober-small-basic-technet-guru-competition-we-need-you/,Shocktober-Small-Basic-TechNet-Guru-Competition-We-need-YOU/ba-p/337540
251,2015/10/05/small-basic-1-2-quick-review/,Small-Basic-1-2-Quick-Review/ba-p/337538
252,2015/10/03/small-basic-1-2-est-arriv-support-de-kinect-et-correction-de-bug-fr-fr/,Small-Basic-1-2-est-arriv-233-Support-de-Kinect-et-Correction-de/ba-p/337535
253,2015/10/01/small-basic-1-2-released-with-kinect-support-and-bug-fixes/,Small-Basic-1-2-Released-with-Kinect-Support-and-Bug-Fixes/ba-p/337523
254,2015/09/29/small-basic-teachers-and-educators-join-our-network/,Small-Basic-Teachers-and-Educators-Join-Our-Network/ba-p/337514
255,2015/09/28/prime-number-factorization-small-basic-featured-article/,Prime-Number-Factorization-Small-Basic-Featured-Article/ba-p/337513
256,2015/09/23/how-to-make-a-check-box-small-basic-featured-article/,How-to-Make-a-Check-Box-Small-Basic-Featured-Article/ba-p/337511
257,2015/09/22/small-basic-gets-more-spanish-on-technet-wiki/,Small-Basic-gets-more-Spanish-on-TechNet-Wiki/ba-p/337508
258,2015/09/18/pendulum-sim-small-basic-featured-program/,Pendulum-Sim-Small-Basic-Featured-Program/ba-p/337506
259,2015/09/15/want-to-be-the-microsoft-technet-small-basic-guru-for-september/,Want-to-be-the-Microsoft-TechNet-Small-Basic-Guru-for-September/ba-p/337504
260,2015/09/05/small-basic-challenges-september-2015-codes-clowns-roulette-pendulums/,Small-Basic-Challenges-September-2015-Codes-Clowns-Roulette/ba-p/337502
261,2015/09/04/small-basic-timer-featured-article/,Small-Basic-Timer-Featured-Article/ba-p/337499
262,2015/09/01/small-basic-featured-program-swimming-shark/,Small-Basic-Featured-Program-Swimming-Shark/ba-p/337494
263,2015/08/28/how-to-nominate-games-to-be-featured-on-our-blog/,How-to-nominate-games-to-be-featured-on-our-blog/ba-p/337493
264,2015/08/26/small-basic-on-technet-gallery-the-tags-are-growing-the-tags-are-growing/,Small-Basic-on-TechNet-Gallery-The-Tags-are-growing-The-Tags-are/ba-p/337491
265,2015/08/24/become-the-august-2015-small-basic-guru-heres-how/,Become-the-August-2015-Small-Basic-Guru-Here-s-how/ba-p/337489
266,2015/08/24/batting-practice-small-basic-featured-program/,Batting-Practice-Small-Basic-Featured-Program/ba-p/337484
267,2015/08/22/small-basic-includes-exponential-notation/,Small-Basic-includes-Exponential-Notation/ba-p/337477
268,2015/08/21/what-objects-are-missing-in-small-basic/,What-Objects-are-Missing-in-Small-Basic/ba-p/337476
269,2015/08/20/small-basic-guru-awards-july-2015-winners-nonkis-timer-wins-big-time/,Small-Basic-Guru-Awards-July-2015-Winners-Nonki-s-Timer-wins-big/ba-p/337474
270,2015/08/19/triangle-in-small-basic/,Triangle-in-Small-Basic/ba-p/337464
271,2015/08/17/docs-com-about-small-basic/,Docs-com-about-Small-Basic/ba-p/337452
272,2015/08/03/small-basic-in-windows-10-quick-review/,Small-Basic-in-Windows-10-Quick-Review/ba-p/337447
273,2015/08/02/small-basic-challenges-of-the-month-august-2015/,Small-Basic-Challenges-of-the-Month-August-2015/ba-p/337438
274,2015/07/29/small-basic-game-programming-game-math/,Small-Basic-Game-Programming-Game-Math/ba-p/337435
275,2015/07/23/unassigned-variables-x-0-small-basic-featured-thread/,Unassigned-Variables-X-0-Small-Basic-Featured-Thread/ba-p/337425
276,2015/07/21/microsoft-small-basic-guru-awards-june-2015-winners/,Microsoft-Small-Basic-Guru-Awards-June-2015-Winners/ba-p/337422
277,2015/07/20/napiers-constant-e-for-small-basic/,Napier-s-Constant-E-for-Small-Basic/ba-p/337411
278,2015/07/14/small-basic-about-math-remainder/,Small-Basic-About-Math-Remainder/ba-p/337400
279,2015/07/11/update-small-basic-on-technet-gallery/,UPDATE-Small-Basic-on-TechNet-Gallery/ba-p/337394
280,2015/07/10/jadamelios-small-basic-featured-article-extensions/,jadamelio-8217-s-Small-Basic-Featured-Article-Extensions/ba-p/337356
281,2015/07/07/be-our-july-small-basic-guru-supply-a-sizzling-sunny-season-scoop/,Be-Our-July-Small-Basic-Guru-Supply-a-Sizzling-quot-Sunny-Season/ba-p/337352
282,2015/07/06/using-command-line-arguments-updated/,Using-Command-Line-Arguments-Updated/ba-p/337348
283,2015/07/01/jadamelios-weekly-program-feature-junes-small-basic-challenges/,jadamelio-8217-s-Weekly-Program-Feature-June-s-Small-Basic/ba-p/337345
284,2015/06/30/jadamelios-weekly-article-feature-optimization/,jadamelio-8217-s-Weekly-Article-Feature-Optimization/ba-p/337343
285,2015/06/29/small-quest-revealed-small-basic-featured-program/,Small-Quest-Revealed-Small-Basic-Featured-Program/ba-p/337340
286,2015/06/25/small-basic-featured-article-all-about-the-turtle/,Small-Basic-Featured-Article-All-about-the-Turtle/ba-p/337334
287,2015/06/24/jadamelios-weekly-program-feature-wireframe-maze/,jadamelio-8217-s-Weekly-Program-Feature-WireFrame-Maze/ba-p/337330
288,2015/06/22/small-basic-encyclopedia/,Small-Basic-Encyclopedia/ba-p/337329
289,2015/06/20/the-hex-colors-in-small-basic/,The-Hex-Colors-in-Small-Basic/ba-p/337327
290,2015/06/17/small-basic-guru-awards-may-2015-winners/,Small-Basic-Guru-Awards-May-2015-Winners/ba-p/337326
291,2015/06/15/small-basic-limits-of-literals/,Small-Basic-Limits-of-Literals/ba-p/337322
292,2015/06/13/a-sandbox-file-object-small-basic-safe-file-operations-for-seamless-sharing/,A-Sandbox-file-object-Small-Basic-Safe-file-operations-for/ba-p/337321
293,2015/06/11/small-basic-featured-article-how-to-remove-goto-statements/,Small-Basic-Featured-Article-How-to-Remove-Goto-Statements/ba-p/337319
294,2015/06/10/small-basic-game-foul-sorcery-an-update/,Small-Basic-Game-Foul-Sorcery-an-update/ba-p/337318
295,2015/06/08/draw-curve-in-small-basic/,Draw-Curve-in-Small-Basic/ba-p/337317
296,2015/06/05/dragon-versus-turtle-small-basic-featured-game-by-nonki/,Dragon-Versus-Turtle-Small-Basic-Featured-Game-by-Nonki/ba-p/337315
297,2015/06/04/a-basic-emulator-small-basic-featured-program/,A-BASIC-Emulator-Small-Basic-Featured-Program/ba-p/337314
298,2015/06/03/be-our-small-basic-guru-of-the-month-let-us-bestow-glory-and-kudos-upon-you/,Be-our-Small-Basic-Guru-of-the-month-Let-us-bestow-glory-and/ba-p/337311
299,2015/06/02/small-basic-challenges-of-the-month-june-2015/,Small-Basic-Challenges-of-the-Month-June-2015/ba-p/337309
300,2015/05/29/compact-small-basic-explanation/,Compact-Small-Basic-Explanation/ba-p/337308
301,2015/05/28/small-basic-guru-awards-april-2015/,Small-Basic-Guru-Awards-April-2015/ba-p/337307
302,2015/05/28/small-basic-file-tips/,Small-Basic-File-Tips/ba-p/337304
303,2015/05/21/turtle-maze-versus-hangman-a-case-for-seamless-sharing/,Turtle-Maze-versus-Hangman-a-case-for-seamless-sharing/ba-p/337303
304,2015/05/18/small-basic-new-line/,Small-Basic-New-Line/ba-p/337301
305,2015/05/15/small-basic-thar-be-dragons/,Small-Basic-Thar-Be-Dragons/ba-p/337300
306,2015/05/13/graphicswindow-basics-small-basic-featured-article/,GraphicsWindow-Basics-Small-Basic-Featured-Article/ba-p/337299
307,2015/05/11/optimizing-small-basic-featured-thread/,Optimizing-Small-Basic-Featured-Thread/ba-p/337297
308,2015/05/08/small-basic-challenges-for-may-2015-puzzles-money-capatcha-files-dragons-oh-my/,Small-Basic-Challenges-for-May-2015-Puzzles-Money-Capatcha-Files/ba-p/337295
309,2015/05/07/response-request-small-basic-gurus-please-connect-with-internet-of-thinkers-aka-tnwiki/,RESPONSE-REQUEST-Small-Basic-Gurus-Please-Connect-with-Internet/ba-p/337294
310,2015/05/05/small-basic-my-ongoing-projects/,Small-Basic-My-Ongoing-Projects/ba-p/337292
311,2015/05/03/kinect-for-small-basic-quick-review/,Kinect-for-Small-Basic-Quick-Review/ba-p/337286
312,2015/04/28/help-us-prioritize-your-small-basic-1-1-known-issues-bugs-and-feature-ideas/,Help-us-prioritize-your-Small-Basic-1-1-Known-Issues-Bugs-and/ba-p/337278
313,2015/04/25/bien-dbuter-avec-le-small-basic-fr-fr/,Bien-D-233-buter-avec-le-Small-Basic-fr-FR/ba-p/337277
314,2015/04/24/slot-machines-small-basic-featured-program/,Slot-Machines-Small-Basic-Featured-Program/ba-p/337276
315,2015/04/22/small-basic-try-out-the-new-kinect-extension/,Small-Basic-Try-out-the-New-Kinect-Extension/ba-p/337275
316,2015/04/20/advanced-turtle-graphics-small-basic-featured-program/,Advanced-Turtle-Graphics-Small-Basic-Featured-Program/ba-p/337272
317,2015/04/19/small-basic-guru-awards-march-2015/,Small-Basic-Guru-Awards-March-2015/ba-p/337266
318,2015/04/18/avancement-du-portail-small-basic-franais-fr-fr/,Avancement-du-Portail-Small-Basic-Fran-231-ais-fr-FR/ba-p/337260
319,2015/04/18/attention-all-small-basic-gurus-time-to-spring-into-action/,Attention-All-Small-Basic-Gurus-Time-to-SPRING-Into-Action/ba-p/337257
320,2015/04/14/turtle-graphics-small-basic-featured-program/,Turtle-Graphics-Small-Basic-Featured-Program/ba-p/337256
321,2015/04/08/roulette-small-basic-featured-program/,Roulette-Small-Basic-Featured-Program/ba-p/337252
322,2015/04/04/event-basics-small-basic-featured-article/,Event-Basics-Small-Basic-Featured-Article/ba-p/337248
323,2015/04/02/small-basic-at-the-april-2015-teals-computer-science-field-trip/,Small-Basic-at-the-April-2015-TEALS-Computer-Science-Field-Trip/ba-p/337243
324,2015/04/02/small-basic-challenges-april-2015/,Small-Basic-Challenges-April-2015/ba-p/337230
325,2015/03/31/small-basic-is-fun-the-flickr-object/,Small-Basic-is-Fun-The-Flickr-Object/ba-p/337229
326,2015/03/30/small-basic-1-1-quick-review/,Small-Basic-1-1-Quick-Review/ba-p/337224
327,2015/03/29/small-basic-1-1-est-arriv-fr-fr/,Small-Basic-1-1-est-arriv-233-fr-FR/ba-p/337212
328,2015/03/28/battleship-games-small-basic-featured-programs/,Battleship-Games-Small-Basic-Featured-Programs/ba-p/337210
329,2015/03/27/small-basic-1-1-is-here/,Small-Basic-1-1-is-here/ba-p/337202
330,2015/03/27/small-basic-featured-art-japanese-hina-dolls/,Small-Basic-Featured-Art-Japanese-Hina-Dolls/ba-p/337200
331,2015/03/24/small-basic-guru-awards-feburary-2015/,Small-Basic-Guru-Awards-Feburary-2015/ba-p/337198
332,2015/03/23/tnwikisummit15-presentation-small-basic-and-technet/,TNWikiSummit15-Presentation-Small-Basic-and-TechNet/ba-p/337188
333,2015/03/22/sudden-death-featured-small-basic-game/,Sudden-Death-Featured-Small-Basic-Game/ba-p/337183
334,2015/03/20/tnwikisummit15-presentation-small-basic-basics/,TNWikiSummit15-Presentation-Small-Basic-Basics/ba-p/337181
335,2015/03/18/le-portail-franais-du-small-basic-est-ouvert-fr-fr/,Le-Portail-Fran-231-ais-du-Small-Basic-est-ouvert-fr-FR/ba-p/337151
336,2015/03/16/learn-my-keyboard-small-basic-featured-program/,Learn-My-Keyboard-Small-Basic-Featured-Program/ba-p/337149
337,2015/03/13/small-basic-challenges-of-the-month-march-2015/,Small-Basic-Challenges-of-the-Month-March-2015/ba-p/337141
338,2015/03/11/be-our-next-spring-small-basic-guru/,Be-our-next-Spring-Small-Basic-Guru/ba-p/337136
339,2015/03/10/tnwiki-summit-2015-small-basic-and-technet/,TNWiki-Summit-2015-Small-Basic-and-TechNet/ba-p/337134
340,2015/03/09/spirograph-in-small-basic/,Spirograph-in-Small-Basic/ba-p/337130
341,2015/03/02/16-x-16-plain-portable-pixmap-editor-small-basic-featured-program/,16-x-16-Plain-Portable-Pixmap-Editor-Small-Basic-Featured/ba-p/337123
342,2015/02/25/small-basic-v-next-fixing-bugs/,Small-Basic-V-Next-Fixing-Bugs/ba-p/337115
343,2015/02/23/small-basic-international-resouces-update/,Small-Basic-International-Resouces-Update/ba-p/337112
344,2015/02/18/curah-about-small-basic/,Curah-about-Small-Basic/ba-p/337110
345,2015/02/16/technet-wiki-article-list-small-basic-featured-article/,TechNet-Wiki-Article-List-Small-Basic-Featured-Article/ba-p/337105
346,2015/02/15/update-unique-features-of-microsoft-small-basic/,UPDATE-Unique-Features-of-Microsoft-Small-Basic/ba-p/337101
347,2015/02/14/bienvenido-a-small-basic-es-es/,Bienvenido-a-Small-Basic-es-ES/ba-p/337099
348,2015/02/10/small-basic-guru-february-2015-its-time-for-the-technet-wiki-small-basic-great-guru-love-you-too-can-be-loved/,Small-Basic-Guru-February-2015-It-s-time-for-the-TechNet-Wiki/ba-p/337095
349,2015/02/09/how-does-a-small-basic-program-run/,How-does-a-Small-Basic-program-run/ba-p/337087
350,2015/02/04/small-basic-monthly-challenges-february-2015-file-listing-gravity-missiles-2048-icon-editor-mp3-size-calculator-and-hangman/,Small-Basic-Monthly-Challenges-February-2015-File-Listing/ba-p/337083
351,2015/02/02/raster-and-vector-graphics-in-small-basic/,Raster-and-Vector-Graphics-in-Small-Basic/ba-p/337081
352,2015/01/31/small-basic-the-history-of-the-logo-turtle/,Small-Basic-The-History-of-the-Logo-Turtle/ba-p/337073
353,2015/01/26/small-basic-on-mac/,Small-Basic-on-Mac/ba-p/337052
354,2015/01/25/turtle-maze-challenge/,Turtle-Maze-Challenge/ba-p/337043
355,2015/01/19/one-of-my-favorite-basic/,One-of-my-favorite-BASIC/ba-p/337039
356,2015/01/18/small-basic-guru-awards-december-2014/,Small-Basic-Guru-Awards-December-2014/ba-p/337026
357,2015/01/16/small-basic-featured-article-how-to-create-for-loops-how-to-create-for-loops-how-to-create-for-loops/,Small-Basic-Featured-Article-How-to-Create-For-Loops-How-to/ba-p/337019
358,2015/01/12/small-basic-errors/,Small-Basic-Errors/ba-p/337018
359,2015/01/06/a-new-year-a-new-opportunity-become-the-first-small-basic-guru-of-2015/,A-New-Year-a-New-Opportunity-Become-the-FIRST-Small-Basic-Guru/ba-p/337015
360,2015/01/05/moon-lander-small-basic-featured-programs/,Moon-Lander-Small-Basic-Featured-Programs/ba-p/337014
361,2015/01/03/new-year-challenges/,New-Year-Challenges/ba-p/337009
362,2015/01/01/happy-new-year-2015/,Happy-New-Year-2015/ba-p/337008
363,2014/12/31/the-small-basic-guru-articles-submitted-for-december-2014/,The-Small-Basic-Guru-Articles-submitted-for-December-2014/ba-p/337006
364,2014/12/30/tolerance-of-small-basic/,Tolerance-of-Small-Basic/ba-p/337005
365,2014/12/27/featured-article-the-small-basic-environment-ide/,Featured-Article-The-Small-Basic-Environment-IDE/ba-p/337004
366,2014/12/26/should-we-have-a-small-basic-international-summit/,Should-we-have-a-Small-Basic-International-Summit/ba-p/337002
367,2014/12/22/the-microsoft-small-basic-guru-award-winners-november-2014/,The-Microsoft-Small-Basic-Guru-Award-Winners-November-2014/ba-p/337001
368,2014/12/22/small-svg-is-a-subset-of-svg-for-small-basic/,Small-SVG-is-a-subset-of-SVG-for-Small-Basic/ba-p/336995
369,2014/12/20/merry-christmas/,Merry-Christmas/ba-p/336990
370,2014/12/15/roman-numerals-small-basic-featured-programs/,Roman-Numerals-Small-Basic-Featured-Programs/ba-p/336987
371,2014/12/11/do-you-want-to-be-a-small-basic-community-leader/,Do-you-want-to-be-a-Small-Basic-Community-Leader/ba-p/336984
372,2014/12/08/small-basic-revision-control-featured-article/,Small-Basic-Revision-Control-Featured-Article/ba-p/336983
373,2014/12/06/small-basic-december-challenges/,Small-Basic-December-Challenges/ba-p/336980
374,2014/12/03/calling-all-wise-men-small-basic-gurus-needed-give-an-amazing-gift/,Calling-All-Wise-Men-Small-Basic-Gurus-Needed-Give-an-amazing/ba-p/336979
375,2014/12/01/raytracer-small-basic-featured-program/,Raytracer-Small-Basic-Featured-Program/ba-p/336978
376,2014/11/30/polyline-editor-from-nonki-small-basic-featured-program/,Polyline-Editor-from-Nonki-Small-Basic-Featured-Program/ba-p/336974
377,2014/11/29/small-basic-featured-program-solar-system/,Small-Basic-Featured-Program-Solar-System/ba-p/336973
378,2014/11/28/yo-yo-simulations-small-basic-featured-programs/,Yo-Yo-Simulations-Small-Basic-Featured-Programs/ba-p/336971
379,2014/11/24/wood-grain-drawn-with-small-basic/,Wood-Grain-Drawn-with-Small-Basic/ba-p/336970
380,2014/11/22/small-basic-mouse-position/,Small-Basic-Mouse-Position/ba-p/336968
381,2014/11/21/small-basic-guru-october-winner/,Small-Basic-Guru-October-Winner/ba-p/336966
382,2014/11/17/small-basic-network-object/,Small-Basic-Network-Object/ba-p/336961
383,2014/11/15/small-basic-chart-extension/,Small-Basic-Chart-Extension/ba-p/336959
384,2014/11/14/small-basic-text-rpg-conquer-the-underworld/,Small-Basic-Text-RPG-Conquer-the-Underworld/ba-p/336957
385,2014/11/13/small-basic-3-simple-games/,Small-Basic-3-Simple-Games/ba-p/336956
386,2014/11/10/small-basic-game-programming-game-ai/,Small-Basic-Game-Programming-Game-AI/ba-p/336955
387,2014/11/07/calling-all-small-basic-fans-your-chance-to-win-love-and-glory-be-our-november-technet-guru/,Calling-all-Small-Basic-fans-Your-chance-to-win-love-and-glory/ba-p/336952
388,2014/11/06/neural-network-extension-small-basic-featured-thread/,Neural-Network-Extension-Small-Basic-Featured-Thread/ba-p/336951
389,2014/11/03/small-basic-tips-about-timer-object/,Small-Basic-Tips-about-Timer-Object/ba-p/336948
390,2014/11/01/small-basic-november-challenges/,Small-Basic-November-Challenges/ba-p/336946
391,2014/10/30/trick-or-treat/,Trick-or-Treat/ba-p/336945
392,2014/10/27/stack-in-small-basic/,Stack-in-Small-Basic/ba-p/336943
393,2014/10/25/small-basic-webcam-motion-detection/,Small-Basic-WebCam-Motion-Detection/ba-p/336940
394,2014/10/24/small-basic-for-kids-featured-small-basic-book-ages-10-12/,Small-Basic-for-Kids-Featured-Small-Basic-Book-Ages-10-12/ba-p/336936
395,2014/10/23/happy-birthday-small-basic-the-6th-anniversary/,Happy-Birthday-Small-Basic-The-6th-Anniversary/ba-p/336935
396,2014/10/22/small-basic-guru-winners-september-2014/,Small-Basic-Guru-Winners-September-2014/ba-p/336933
397,2014/10/20/create-real-console-mode-program-in-small-basic-featured-thread/,Create-Real-Console-Mode-Program-in-Small-Basic-Featured-Thread/ba-p/336928
398,2014/10/18/small-basic-featured-program-boxing-game/,Small-Basic-Featured-Program-Boxing-Game/ba-p/336927
399,2014/10/16/small-basic-rotate-triangle-and-line/,Small-Basic-Rotate-Triangle-and-Line/ba-p/336924
400,2014/10/13/shapes-editor-1-7b-small-basic-featured-program/,Shapes-Editor-1-7b-Small-Basic-Featured-Program/ba-p/336921
401,2014/10/09/uppercase-or-lowercase-in-small-basic/,Uppercase-or-Lowercase-in-Small-Basic/ba-p/336918
402,2014/10/08/calling-all-small-basic-gurus-now-is-your-time-step-up-and-be-counted/,Calling-all-Small-Basic-Gurus-Now-is-your-time-Step-up-and-be/ba-p/336917
403,2014/10/06/small-basic-difference-between-local-and-remote-featured-article/,Small-Basic-Difference-between-Local-and-Remote-Featured-Article/ba-p/336916
404,2014/10/05/small-basic-challenges-of-the-month-october-2014/,Small-Basic-Challenges-of-the-Month-October-2014/ba-p/336915
405,2014/10/02/small-basic-international-resources-featured-article/,Small-Basic-International-Resources-Featured-Article/ba-p/336914
406,2014/09/30/small-basic-did-you-know-featured-article/,Small-Basic-Did-you-Know-Featured-Article/ba-p/336913
407,2014/09/29/shadow-boxing-featured-small-basic-program/,Shadow-Boxing-Featured-Small-Basic-Program/ba-p/336911
408,2014/09/27/small-basic-flood-fill/,Small-Basic-Flood-Fill/ba-p/336909
409,2014/09/22/small-basic-shortcuts/,Small-Basic-Shortcuts/ba-p/336907
410,2014/09/20/small-basic-featured-program-gravity-simulator/,Small-Basic-Featured-Program-Gravity-Simulator/ba-p/336905
411,2014/09/15/flags-in-small-basic/,Flags-in-Small-Basic/ba-p/336902
412,2014/09/13/small-basic-getsettingsfilepath/,Small-Basic-GetSettingsFilePath/ba-p/336885
413,2014/09/11/small-basic-1-0-known-issues-do-we-have-them-all/,Small-Basic-1-0-Known-Issues-Do-we-have-them-all/ba-p/336883
414,2014/09/08/how-do-you-get-a-sound-for-your-program/,How-do-you-get-a-sound-for-your-program/ba-p/336882
415,2014/09/06/small-basic-traffic-light-challenge/,Small-Basic-Traffic-Light-Challenge/ba-p/336872
416,2014/09/05/brighten-up-everyones-day-become-a-shining-september-small-basic-guru/,Brighten-up-everyone-s-day-Become-a-shining-September-Small/ba-p/336870
417,2014/09/02/small-basic-challenges-for-september-traffic-light-array-from-csv-and-a-stick-fighting-game/,Small-Basic-Challenges-for-September-Traffic-Light-Array-from/ba-p/336866
418,2014/09/01/join-the-big-challenge-project-small-basic-marionette/,Join-the-Big-Challenge-project-Small-Basic-Marionette/ba-p/336864
419,2014/08/30/small-basic-transparent-graphicswindow/,Small-Basic-Transparent-GraphicsWindow/ba-p/336862
420,2014/08/26/99-bottles-of-rootbeer-small-basic-featured-program/,99-Bottles-of-Rootbeer-Small-Basic-Featured-Program/ba-p/336857
421,2014/08/25/small-basic-game-programming-air-hockey-game/,Small-Basic-Game-Programming-Air-Hockey-Game/ba-p/336855
422,2014/08/23/small-basic-physics-for-marionette-challenge/,Small-Basic-Physics-for-Marionette-Challenge/ba-p/336850
423,2014/08/20/microsoft-small-basic-guru-awards-july-2014-winners/,Microsoft-Small-Basic-Guru-Awards-July-2014-WINNERS/ba-p/336837
424,2014/08/18/small-basic-game-programming-shooting-game/,Small-Basic-Game-Programming-Shooting-Game/ba-p/336824
425,2014/08/16/small-basic-textwindow-cursor-positioning/,Small-Basic-TextWindow-Cursor-Positioning/ba-p/336819
426,2014/08/13/become-the-august-small-basic-guru-festival-of-the-awesome-small-basic/,Become-the-August-Small-Basic-Guru-Festival-of-the-Awesome-Small/ba-p/336812
427,2014/08/11/small-basic-game-programming-vertical-scrolling-game/,Small-Basic-Game-Programming-Vertical-Scrolling-Game/ba-p/336809
428,2014/08/10/small-basic-marionette-sign-up-for-the-big-challenge-for-september-2014/,Small-Basic-Marionette-Sign-up-for-the-Big-Challenge-for/ba-p/336804
429,2014/08/09/small-basic-challenges-of-the-month-august-2014/,Small-Basic-Challenges-of-the-Month-August-2014/ba-p/336801
430,2014/08/06/small-basic-comments/,Small-Basic-Comments/ba-p/336798
431,2014/08/05/small-basic-how-to-read-error-messages/,Small-Basic-How-to-read-error-messages/ba-p/336796
432,2014/08/04/small-basic-game-programming-sugoroku-like-game/,Small-Basic-Game-Programming-Sugoroku-like-game/ba-p/336790
433,2014/08/02/small-basic-controls-are-shapes/,Small-Basic-Controls-are-Shapes/ba-p/336787
434,2014/07/29/small-basic-litdev-extension-download-now-from-technet-gallery/,Small-Basic-LitDev-Extension-Download-Now-from-TechNet-Gallery/ba-p/336783
435,2014/07/28/small-basic-survival-guide-got-anything-to-add/,Small-Basic-Survival-Guide-Got-anything-to-add/ba-p/336768
436,2014/07/28/small-basic-game-programming-separation-between-data-and-procedure/,Small-Basic-Game-Programming-Separation-Between-Data-And/ba-p/336766
437,2014/07/26/small-basic-clearing-turtle-trails/,Small-Basic-Clearing-Turtle-Trails/ba-p/336764
438,2014/07/24/small-basic-guru-june-winners-litdev-jibba-jabba-nonki-takahashi/,Small-Basic-Guru-June-Winners-LitDev-Jibba-Jabba-Nonki-Takahashi/ba-p/336759
439,2014/07/21/small-basic-game-programming-text-adventure/,Small-Basic-Game-Programming-Text-adventure/ba-p/336749
440,2014/07/19/small-basic-triangle-challenge/,Small-Basic-Triangle-Challenge/ba-p/336744
441,2014/07/16/small-basic-promoted-in-portuguese/,Small-Basic-Promoted-in-Portuguese/ba-p/336728
442,2014/07/15/introducing-small-basics-monthly-challenge-statistics/,Introducing-Small-Basics-Monthly-Challenge-Statistics/ba-p/336717
443,2014/07/14/small-basic-game-programming-lets-start-with-rps-game/,Small-Basic-Game-Programming-Let-s-start-with-RPS-game/ba-p/336710
444,2014/07/13/small-basic-random-numbers/,Small-Basic-Random-Numbers/ba-p/336706
445,2014/07/07/small-basic-resources-for-game-programming/,Small-Basic-Resources-for-Game-Programming/ba-p/336702
446,2014/07/05/small-basic-colors/,Small-Basic-Colors/ba-p/336700
447,2014/07/04/why-microsoft-small-basic-why-not-scratch-or-alice/,Why-Microsoft-Small-Basic-Why-not-Scratch-or-Alice/ba-p/336686
448,2014/07/03/would-you-join-the-small-basic-team-in-the-technet-guru-world-cup/,Would-you-join-the-Small-Basic-team-in-the-TechNet-Guru-World/ba-p/336684
449,2014/06/30/small-basic-being-part-of-a-game-dev-team/,Small-Basic-Being-Part-of-a-Game-Dev-Team/ba-p/336682
450,2014/06/28/sprite-arrays-featured-article/,Sprite-Arrays-Featured-Article/ba-p/336668
451,2014/06/26/litdevs-dynamic-graphics-for-game-programming-small-basic-featured-article/,LitDev-s-quot-Dynamic-Graphics-for-Game-Programming-quot-Small/ba-p/336661
452,2014/06/23/small-basic-and-office-suite/,Small-Basic-and-Office-Suite/ba-p/336657
453,2014/06/22/interview-with-a-small-basic-guru-steve-todman-litdev/,Interview-with-a-Small-Basic-Guru-Steve-Todman-litdev/ba-p/336648
454,2014/06/21/small-basic-hammer-and-nails/,Small-Basic-Hammer-and-Nails/ba-p/336643
455,2014/06/19/microsoft-small-basic-guru-award-winners-may-2014/,Microsoft-Small-Basic-Guru-Award-Winners-May-2014/ba-p/336639
456,2014/06/16/tap-into-small-basic-forum/,Tap-into-Small-Basic-Forum/ba-p/336629
457,2014/06/14/small-basic-about-monthly-challenges/,Small-Basic-About-Monthly-Challenges/ba-p/336624
458,2014/06/13/small-basic-getting-started-guide-featured-article/,Small-Basic-Getting-Started-Guide-Featured-Article/ba-p/336619
459,2014/06/11/whturner33s-small-basic-hourglass-featured-program/,WhTurner33-s-Small-Basic-Hourglass-Featured-Program/ba-p/336602
460,2014/06/09/sbjump-small-basic-featured-program/,SBJump-Small-Basic-Featured-Program/ba-p/336599
461,2014/06/07/small-basic-box2d-physics-extension/,Small-Basic-Box2D-Physics-Extension/ba-p/336583
462,2014/06/06/the-small-basic-category-on-technet-gallery/,The-Small-Basic-category-on-TechNet-Gallery/ba-p/336573
463,2014/06/05/small-basic-gurus-your-community-needs-heroes-like-you/,Small-Basic-Gurus-Your-community-needs-heroes-like-you/ba-p/336543
464,2014/06/04/small-basic-challenges-of-the-month-june-2014/,Small-Basic-Challenges-of-the-Month-June-2014/ba-p/336540
465,2014/06/02/conditon-in-small-basic/,Conditon-in-Small-Basic/ba-p/336537
466,2014/05/31/small-basic-dudesons-smoke/,Small-Basic-Dudeson-s-Smoke/ba-p/336535
467,2014/05/28/history-of-microsoft-small-basic-featured-article/,History-of-Microsoft-Small-Basic-Featured-Article/ba-p/336524
468,2014/05/26/how-do-you-get-an-image-for-your-program/,How-do-you-get-an-image-for-your-program/ba-p/336504
469,2014/05/24/small-basic-database-extension/,Small-Basic-Database-Extension/ba-p/336495
470,2014/05/21/small-basic-guru-awards-april-2014/,Small-Basic-Guru-Awards-April-2014/ba-p/336487
471,2014/05/20/calendar-program-originally-written-in-1986-for-f-basic-and-8-bit-micro-computer-fm-7/,Calendar-Program-originally-written-in-1986-for-F-BASIC-and-8/ba-p/336475
472,2014/05/20/sidescroller-small-basic-featured-program/,SideScroller-Small-Basic-Featured-Program/ba-p/336470
473,2014/05/19/what-is-your-first-small-basic-program/,What-is-your-first-Small-Basic-program/ba-p/336460
474,2014/05/17/why-johnny-cant-code/,Why-Johnny-Can-t-Code/ba-p/336448
475,2014/05/16/how-long-should-i-use-small-basic-before-taking-on-a-big-language/,How-Long-should-I-use-Small-Basic-before-taking-on-a-Big/ba-p/336446
476,2014/05/14/small-basic-fonts-featured-article/,Small-Basic-Fonts-featured-article/ba-p/336444
477,2014/05/12/small-basic-videos/,Small-Basic-Videos/ba-p/336442
478,2014/05/10/small-basic-pulse-position-modulation-extension/,Small-Basic-Pulse-Position-Modulation-Extension/ba-p/336440
479,2014/05/09/small-basic-array-basics-featured-wiki-article/,Small-Basic-Array-Basics-featured-Wiki-article/ba-p/336433
480,2014/05/07/small-basic-featured-program-autoupdater-version-2-0-released/,Small-Basic-Featured-Program-AutoUpdater-version-2-0-released/ba-p/336431
481,2014/05/06/small-basic-mayday-a-small-basic-guru-is-urgently-required-for-love-and-glory-from-all-the-community/,Small-Basic-Mayday-A-Small-Basic-Guru-is-urgently-required-for/ba-p/336424
482,2014/05/05/vertical-scrolling-games/,Vertical-Scrolling-Games/ba-p/336422
483,2014/05/04/is-small-basic-the-first-social-programming-language-ide/,Is-Small-Basic-the-FIRST-SOCIAL-PROGRAMMING-LANGUAGE-IDE/ba-p/336408
484,2014/05/03/small-basic-types/,Small-Basic-Types/ba-p/336406
485,2014/05/02/small-basic-challenge-of-the-month-may-2014/,Small-Basic-Challenge-of-the-Month-May-2014/ba-p/336404
486,2014/05/02/small-basic-community-council-started-twitter/,Small-Basic-Community-Council-started-Twitter/ba-p/336402
487,2014/05/01/dodge-ball-colorful-colorful-colorful-dodge-ball-small-basic-featured-game/,Dodge-Ball-Colorful-Colorful-Colorful-Dodge-Ball-Small-Basic/ba-p/336400
488,2014/04/30/chess-clock-small-basic-featured-program/,Chess-Clock-Small-Basic-Featured-Program/ba-p/336398
489,2014/04/29/small-basic-at-the-april-2014-teals-computer-science-student-field-trip/,Small-Basic-at-the-April-2014-TEALS-Computer-Science-Student/ba-p/336396
490,2014/04/29/a-math-worksheets-generator/,A-Math-Worksheets-Generator/ba-p/336356
491,2014/04/28/why-do-you-continue-to-use-small-basic-an-epic-answer/,Why-do-you-continue-to-use-Small-Basic-An-EPIC-ANSWER/ba-p/336354
492,2014/04/24/binary-to-decimal-converter-small-basic-featured-program-by-whturner33/,binary-to-decimal-converter-Small-Basic-Featured-Program-by/ba-p/336351
493,2014/04/19/small-basic-guru-awards-march-2014/,Small-Basic-Guru-Awards-March-2014/ba-p/336348
494,2014/04/14/small-basic-reference-documentation-21-articles/,Small-Basic-Reference-Documentation-21-ARTICLES/ba-p/336337
495,2014/04/09/featured-small-basic-game-naochanons-dodge-this/,Featured-Small-Basic-Game-NaochanON-s-quot-Dodge-This-quot/ba-p/336333
496,2014/04/05/april-fools-day-is-out-of-the-way-now-lets-find-a-small-basic-april-genius/,April-Fools-Day-is-out-of-the-way-now-let-s-find-a-Small-Basic/ba-p/336331
497,2014/04/01/small-basic-april-challenges-no-fooling/,Small-Basic-April-Challenges-no-fooling/ba-p/336329
498,2014/03/26/the-adventures-of-barrel-ape-in-small-basic-world-by-nonki/,The-Adventures-of-BARREL-APE-in-Small-Basic-World-by-Nonki/ba-p/336327
499,2014/03/22/a-brief-history-of-basic/,A-Brief-History-of-BASIC/ba-p/336312
500,2014/03/20/how-do-you-program-hello-world-in-small-basic/,How-do-you-program-quot-Hello-World-quot-in-Small-Basic/ba-p/336305
501,2014/03/19/small-basic-featured-article-grammar-basics/,Small-Basic-Featured-Article-Grammar-Basics/ba-p/336303
502,2014/03/17/small-basic-guru-awards-february-2014/,Small-Basic-Guru-Awards-February-2014/ba-p/336301
503,2014/03/06/small-basic-guru-spring-forward/,Small-Basic-Guru-Spring-Forward/ba-p/336291
504,2014/03/04/small-basic-challenges-of-the-month-march-2014/,Small-Basic-Challenges-of-the-Month-March-2014/ba-p/336289
505,2014/02/09/the-developers-reference-guide-to-small-basic-the-first-5-chapters/,The-Developer-8217-s-Reference-Guide-to-Small-Basic-The-First-5/ba-p/336287
506,2014/02/07/small-basic-challenges-of-the-month-february-2014/,Small-Basic-Challenges-of-the-Month-February-2014/ba-p/336280
507,2014/02/04/spread-the-love-be-our-small-basic-technet-guru-this-valentines-day-month/,Spread-the-Love-Be-our-Small-Basic-TechNet-Guru-this-Valentine-s/ba-p/336278
508,2014/02/03/small-basic-featured-game-death-valley-by-gotoloop/,Small-Basic-Featured-Game-Death-Valley-by-GoToLoop/ba-p/336276
509,2014/01/28/small-basic-portal-featured-technet-wiki-article/,Small-Basic-Portal-Featured-TechNet-Wiki-article/ba-p/336273
510,2014/01/17/become-our-first-microsoft-technet-small-basic-guru-of-2014/,Become-our-FIRST-Microsoft-TechNet-Small-Basic-Guru-of-2014/ba-p/336269
511,2013/12/30/4-color-pattern-game-small-basic-featured-program/,4-Color-Pattern-Game-Small-Basic-Featured-Program/ba-p/336267
512,2013/12/26/small-basic-interview-nonki-takahashi/,Small-Basic-Interview-Nonki-Takahashi/ba-p/336262
513,2013/12/25/litdevs-small-basic-dynamic-graphics-featured-article/,LitDev-s-quot-Small-Basic-Dynamic-Graphics-quot-Featured-Article/ba-p/336250
514,2013/12/21/small-basic-november-2013-guru-winners/,Small-Basic-November-2013-Guru-Winners/ba-p/336237
515,2013/12/18/small-basic-is-free/,Small-Basic-is-FREE/ba-p/336227
516,2013/12/13/december-2013-small-basic-guru-give-the-gift-of-knowledge/,December-2013-Small-Basic-Guru-Give-the-Gift-of-Knowledge/ba-p/336222
517,2013/12/12/small-basic-featured-article-how-to-rotate-a-shape-not-from-the-center/,Small-Basic-Featured-Article-How-to-Rotate-a-Shape-Not-from-the/ba-p/336219
518,2013/12/10/small-basic-december-2013-challenges/,Small-Basic-December-2013-Challenges/ba-p/336212
519,2013/12/09/connecting-four-circles-small-basic-featured-game/,Connecting-Four-Circles-Small-Basic-Featured-Game/ba-p/336210
520,2013/12/01/what-was-your-first-programming-language-poll-by-joe-dwyer/,What-was-your-first-programming-language-Poll-by-Joe-Dwyer/ba-p/336207
521,2013/11/24/yamp-yet-another-maze-program-small-basic-featured-game/,YAMP-Yet-Another-Maze-Program-Small-Basic-Featured-Game/ba-p/336205
522,2013/11/22/why-small-basic-is-a-great-programming-language-for-kids-and-beginners-by-joe-dwyer/,Why-Small-Basic-is-a-great-programming-language-for-kids-and/ba-p/336192
523,2013/11/21/small-basic-gurus-winners-for-october-2013/,Small-Basic-Gurus-Winners-for-October-2013/ba-p/336190
524,2013/11/13/november-on-msdn-calling-all-small-basic-gurus-enlighten-us/,November-on-MSDN-Calling-All-Small-Basic-Gurus-Enlighten-Us/ba-p/336179
525,2013/11/05/small-basic-monthly-challenges-for-november-2013/,Small-Basic-Monthly-Challenges-for-November-2013/ba-p/336177
526,2013/10/21/beginning-small-basic-review-by-anne-from-upstate-ramblings/,Beginning-Small-Basic-Review-by-Anne-from-Upstate-Ramblings/ba-p/336175
527,2013/10/18/dirtbike-game-from-zock77-small-basic-featured-program/,Dirtbike-Game-from-Zock77-Small-Basic-Featured-Program/ba-p/336167
528,2013/10/02/october-2013-small-basic-community-challenges/,October-2013-Small-Basic-Community-Challenges/ba-p/336157
529,2013/09/28/small-basic-faq-featured-article/,Small-Basic-FAQ-Featured-Article/ba-p/336155
530,2013/09/20/swinging-pendulum-small-basic-physics-challenge/,Swinging-Pendulum-Small-Basic-Physics-Challenge/ba-p/336136
531,2013/09/17/small-basic-guru-in-august-nonkis-small-basic-parser-generator/,Small-Basic-Guru-in-August-Nonki-s-quot-Small-Basic-Parser/ba-p/336133
532,2013/09/14/a-missile-commander-game-small-basic-featured-program/,A-Missile-Commander-Game-Small-Basic-Featured-Program/ba-p/336124
533,2013/09/06/small-basic-challenges-of-the-month-september-2013/,Small-Basic-Challenges-of-the-Month-September-2013/ba-p/336122
534,2013/09/04/you-could-be-septembers-small-basic-guru/,You-could-be-September-s-Small-Basic-Guru/ba-p/336119
535,2013/09/03/eora-duck-hunt-small-basic-featured-game/,Eora-Duck-Hunt-Small-Basic-Featured-Game/ba-p/336117
536,2013/08/31/starfield-simulator-small-basic-featured-program/,Starfield-Simulator-Small-Basic-Featured-Program/ba-p/336115
537,2013/08/30/small-basic-featured-article-ide-colors/,Small-Basic-Featured-Article-IDE-Colors/ba-p/336109
538,2013/08/25/beginning-small-basic-review-by-lisa-n-and-her-3-kids-from-golden-grasses/,Beginning-Small-Basic-Review-by-Lisa-N-and-her-3-kids-from/ba-p/336107
539,2013/08/23/beginning-small-basic-review-by-lisa-and-amber/,Beginning-Small-Basic-Review-by-Lisa-and-Amber/ba-p/336103
540,2013/08/20/small-basic-how-to-create-an-extension-using-vb-net/,Small-Basic-How-to-Create-an-Extension-Using-VB-NET/ba-p/336088
541,2013/08/19/graduate-to-c-from-small-basic-featured-article/,Graduate-to-C-from-Small-Basic-Featured-Article/ba-p/336084
542,2013/08/17/duck-shoot-featured-small-basic-challenges/,Duck-Shoot-Featured-Small-Basic-Challenges/ba-p/336077
543,2013/08/14/nonki-takahashis-shapes-editor-small-basic-guru-for-july/,Nonki-Takahashi-s-Shapes-Editor-Small-Basic-Guru-for-July/ba-p/336074
544,2013/08/13/small-basic-overview-on-technet-wiki/,Small-Basic-Overview-on-TechNet-Wiki/ba-p/336055
545,2013/08/10/small-basic-control-statements-featured-article/,Small-Basic-Control-Statements-featured-article/ba-p/336051
546,2013/08/06/get-started-with-small-basic-featured-article/,Get-Started-with-Small-Basic-Featured-Article/ba-p/336046
547,2013/08/05/small-basic-game-gallery/,Small-Basic-Game-Gallery/ba-p/335982
548,2013/08/05/small-basic-august-community-challenges/,Small-Basic-August-Community-Challenges/ba-p/335980
549,2013/08/04/dots-and-lines-game-small-basic-featured-program/,Dots-and-Lines-Game-Small-Basic-Featured-Program/ba-p/335977
550,2013/08/02/beginning-microsoft-small-basic-review-by-michele/,Beginning-Microsoft-Small-Basic-Review-by-Michele/ba-p/335964
551,2013/07/26/using-small-basic-and-msdn-a-self-paced-learning-development-map/,Using-Small-Basic-and-MSDN-a-self-paced-Learning-Development-Map/ba-p/335954
552,2013/07/24/featured-article-developer-roadmap-for-using-small-basic/,Featured-Article-Developer-Roadmap-for-Using-Small-Basic/ba-p/335952
553,2013/07/23/the-small-basic-environment/,The-Small-Basic-Environment/ba-p/335943
554,2013/07/16/small-basic-guru-how-to-make-a-turtle-maze-game/,Small-Basic-Guru-How-to-Make-a-Turtle-Maze-Game/ba-p/335936
555,2013/07/10/beginning-microsoft-small-basic-review-by-courtney-six/,Beginning-Microsoft-Small-Basic-Review-by-quot-Courtney-Six-quot/ba-p/335913
556,2013/07/09/small-basic-stack-basics-featured-article/,Small-Basic-Stack-Basics-Featured-Article/ba-p/335902
557,2013/07/08/small-basic-featured-program-a-walking-man-animated-in-code/,Small-Basic-Featured-Program-A-Walking-Man-Animated-in-Code/ba-p/335899
558,2013/07/06/small-basic-july-challenges/,Small-Basic-July-Challenges/ba-p/335897
559,2013/06/29/sbcraft-small-basic-featured-game/,SBCraft-Small-Basic-Featured-Game/ba-p/335896
560,2013/06/27/beginning-microsoft-small-basic-review-by-theres-more-2-les/,Beginning-Microsoft-Small-Basic-Review-by-quot-There-s-More-2/ba-p/335894
561,2013/06/23/small-basic-how-to-convert-multi-line-text-into-an-array-of-lines-featured-article/,Small-Basic-How-to-Convert-Multi-Line-Text-into-an-Array-of/ba-p/335881
562,2013/06/20/how-to-download-and-install-small-basic/,How-to-Download-and-Install-Small-Basic/ba-p/335879
563,2013/06/19/beginning-microsoft-small-basic-review-by-kgb-thats-me/,Beginning-Microsoft-Small-Basic-Review-by-quot-KGB-That-s-Me/ba-p/335834
564,2013/06/18/june-small-basic-guru-update-nonkis-got-it-cornered/,June-Small-Basic-Guru-Update-Nonki-s-got-it-cornered/ba-p/335825
565,2013/06/15/collision-physics-small-basic-featured-game/,Collision-Physics-Small-Basic-Featured-Game/ba-p/335823
566,2013/06/14/shapes-editor-small-basic-featured-program/,Shapes-Editor-Small-Basic-Featured-Program/ba-p/335819
567,2013/06/13/small-basic-how-to-debug-featured-article/,Small-Basic-How-to-Debug-Featured-Article/ba-p/335814
568,2013/06/12/string-searcher-small-basic-featured-program/,String-Searcher-Small-Basic-Featured-Program/ba-p/335801
569,2013/06/11/beginning-microsoft-small-basic-review-by-royal-little-lambs/,Beginning-Microsoft-Small-Basic-Review-by-quot-Royal-Little/ba-p/335789
570,2013/06/10/programming-tips-small-basic-featured-article/,Programming-Tips-Small-Basic-Featured-Article/ba-p/335779
571,2013/06/09/small-basic-for-little-kids-series-pong/,Small-Basic-for-Little-Kids-Series-8211-Pong/ba-p/335777
572,2013/06/09/small-basic-fun-simple-social-gradual/,Small-Basic-Fun-Simple-Social-Gradual/ba-p/335773
573,2013/06/07/are-you-the-small-basic-guru-for-june-2013/,Are-you-the-Small-Basic-Guru-for-June-2013/ba-p/335767
574,2013/06/02/barcode-extension-for-small-basic/,QR-Code-Barcode-Extension-for-Small-Basic/ba-p/335765
575,2013/05/31/does-small-basic-support-extensions/,Does-Small-Basic-support-Extensions/ba-p/335763
576,2013/05/30/naochan-pong-small-basic-feature-game/,Naochan-Pong-Small-Basic-Feature-Game/ba-p/335761
577,2013/05/28/small-basic-text-basics-featured-article/,Small-Basic-Text-Basics-Featured-Article/ba-p/335759
578,2013/05/27/3d-raycaster-maze-featured-small-basic-game/,3D-RayCaster-Maze-Featured-Small-Basic-Game/ba-p/335757
579,2013/05/26/small-basic-learning-camps-at-main-stem-academy-summer-2013/,Small-Basic-learning-camps-at-Main-Stem-Academy-Summer-2013/ba-p/335755
580,2013/05/25/what-are-the-unique-features-of-the-small-basic-language/,What-are-the-unique-features-of-the-Small-Basic-language/ba-p/335749
581,2013/05/22/what-is-the-best-programming-language-to-learn/,What-is-the-Best-Programming-Language-to-Learn/ba-p/335747
582,2013/05/21/how-is-small-basic-different-from-qbasic-and-vb-net/,How-is-Small-Basic-different-from-QBASIC-and-VB-Net/ba-p/335733
583,2013/05/19/chomper-man-small-basic-featured-game/,Chomper-Man-Small-Basic-Featured-Game/ba-p/335731
584,2013/05/18/how-to-teach-yourself-programming-in-two-words/,How-to-teach-yourself-programming-in-Two-Words/ba-p/335716
585,2013/05/15/why-does-small-basic-exist/,Why-does-Small-Basic-exist/ba-p/335712
586,2013/04/24/small-basic-curriculum/,Small-Basic-Curriculum/ba-p/335710
587,2013/04/10/small-basic-e-books/,Small-Basic-E-Books/ba-p/335690
588,2013/04/09/some-answers-about-small-basic-education-kodu-community-spotlight-part-2/,Some-answers-about-Small-Basic-Education-Kodu-Community/ba-p/335672
589,2013/03/29/what-sort-of-lessons-can-students-learn-in-small-basic-kodu-community-spotlight-part-1/,What-sort-of-lessons-can-students-learn-in-Small-Basic-Kodu/ba-p/335668
590,2013/03/17/the-arrow-can-see-you-small-basic-monthly-challenge/,The-Arrow-Can-See-You-Small-Basic-Monthly-Challenge/ba-p/335661
591,2013/03/09/create-a-metronome-in-small-basic-community-challenge/,Create-a-Metronome-in-Small-Basic-Community-Challenge/ba-p/335657
592,2013/03/01/small-basic-abacus-featured-program/,Small-Basic-Abacus-Featured-Program/ba-p/335654
593,2013/02/27/sierpenski-triangles-small-basic-featured-programs/,Sierpenski-Triangles-Small-Basic-Featured-Programs/ba-p/335649
594,2013/02/25/silly-story-writer-featured-small-basic-program/,Silly-Story-Writer-Featured-Small-Basic-Program/ba-p/335646
595,2013/02/24/tankinator-ver-0-03-small-basic-featured-program/,Tankinator-ver-0-03-Small-Basic-Featured-Program/ba-p/335643
596,2013/02/17/small-basic-program-gallery-listed-by-category/,Small-Basic-Program-Gallery-Listed-By-Category/ba-p/335629
597,2013/02/16/small-basic-extension-extended-small-basic-library-esl-0-4-1a/,Small-Basic-Extension-Extended-Small-Basic-Library-ESL-0-4-1a/ba-p/335627
598,2013/02/13/create-a-visually-fun-clock-small-basic-challenge/,Create-a-Visually-Fun-Clock-Small-Basic-Challenge/ba-p/335622
599,2013/02/08/drawing-butterflies-and-hearts-using-only-code-small-basic-featured-programs/,Drawing-Butterflies-and-Hearts-USING-ONLY-CODE-Small-Basic/ba-p/335618
600,2013/02/05/how-to-convert-text-into-binary/,How-to-convert-text-into-Binary/ba-p/335613
601,2013/02/01/text-to-binary-converter-small-basic-featured-program/,Text-to-Binary-Converter-Small-Basic-Featured-Program/ba-p/335607
602,2013/01/30/vigenre-cipher-small-basic-featured-program/,Vigen-232-re-Cipher-Small-Basic-Featured-Program/ba-p/335605
603,2013/01/28/small-basic-the-improved-io-extension/,Small-Basic-The-Improved-I-O-Extension/ba-p/335601
604,2013/01/27/decimal-to-binary-converter-small-basic-featured-program/,Decimal-to-Binary-Converter-Small-Basic-Featured-Program/ba-p/335598
605,2013/01/19/soda-pop-showdown-small-basic-featured-game/,Soda-Pop-Showdown-Small-Basic-Featured-Game/ba-p/335593
606,2013/01/15/small-music-player-small-basic-featured-program/,Small-Music-Player-Small-Basic-Featured-Program/ba-p/335589
607,2013/01/14/light-beam-physics-challenge-small-basic/,Light-Beam-Physics-Challenge-Small-Basic/ba-p/335585
608,2013/01/13/alien-barrage-small-basic-featured-game/,Alien-Barrage-Small-Basic-Featured-Game/ba-p/335583
609,2013/01/11/queens-chess-challenge-small-basic/,Queens-Chess-Challenge-Small-Basic/ba-p/335578
610,2013/01/09/tankinator-small-basic-featured-game/,Tankinator-Small-Basic-Featured-Game/ba-p/335577
611,2013/01/07/small-basic-for-little-kids-series-02-loop/,Small-Basic-for-Little-Kids-Series-02-8211-Loop/ba-p/335574
612,2013/01/06/led-display-small-basic-featured-program/,LED-Display-Small-Basic-Featured-Program/ba-p/335570
613,2013/01/03/block-smasher-small-basic-featured-program/,Block-Smasher-Small-Basic-Featured-Program/ba-p/335569
614,2012/12/20/small-basic-interview-litdev-scottish-mcc-forum-moderation-ninja-sinclair-spectrum-small-basic-fortran-c-c/,Small-Basic-Interview-LitDev-Scottish-MCC-Forum-Moderation-Ninja/ba-p/335568
615,2012/12/19/christmas-trees-small-basic-featured-programs/,Christmas-Trees-Small-Basic-Featured-Programs/ba-p/335567
616,2012/12/18/tanks-game-small-basic-featured-program/,Tanks-Game-Small-Basic-Featured-Program/ba-p/335566
617,2012/12/17/small-basic-the-happy-number-challenge/,Small-Basic-The-Happy-Number-Challenge/ba-p/335565
618,2012/12/11/small-basic-teamchallenge-tower-defense-game/,Small-Basic-TeamChallenge-Tower-Defense-Game/ba-p/335563
619,2012/12/10/small-basic-code-block-generator-how-to-format-a-code-block/,Small-Basic-Code-Block-Generator-How-to-format-a-Code-Block/ba-p/335558
620,2012/12/09/microsofts-history-with-basic-altair-8800-trs-80-color-computer/,Microsoft-s-History-with-BASIC-Altair-8800-TRS-80-Color-Computer/ba-p/335551
621,2012/12/05/color-memory-game-todays-featured-small-basic-program/,Color-Memory-Game-Today-s-Featured-Small-Basic-Program/ba-p/335548
622,2012/12/03/small-basic-for-little-kids-series-01-a-typing-game/,Small-Basic-for-Little-Kids-Series-01-8211-A-Typing-Game/ba-p/335546
623,2012/12/01/small-basic-interview-philip-conrod-visual-basic-assembler-pascal-fortran-cobol-java-visual-c-small-basic/,Small-Basic-Interview-Philip-Conrod-Visual-Basic-Assembler/ba-p/335543
624,2012/11/26/who-should-we-interview-next-for-the-small-basic-blog/,Who-should-we-interview-next-for-the-Small-Basic-blog/ba-p/335531
625,2012/11/25/windows-forms-io-extension-for-small-basic/,Windows-Forms-I-O-Extension-for-Small-Basic/ba-p/335530
626,2012/11/20/why-learn-small-basic/,Why-Learn-Small-Basic/ba-p/335529
627,2012/11/16/small-basic-interview-liam-mcsherry-c-c-d-small-basic/,Small-Basic-Interview-Liam-McSherry-C-C-D-Small-Basic/ba-p/335528
628,2012/11/15/winner-best-small-basic-contributor-on-technet-wiki-nonki-takahashi/,WINNER-Best-Small-Basic-Contributor-on-TechNet-Wiki-Nonki/ba-p/335527
629,2012/11/11/small-basic-tutorial-creating-your-first-program/,Small-Basic-Tutorial-Creating-Your-First-Program/ba-p/335522
630,2012/11/06/small-basic-featured-program-turtle-maze/,Small-Basic-Featured-Program-Turtle-Maze/ba-p/335521
631,2012/11/05/featured-article-small-basic-how-to-create-an-extension-using-c/,Featured-Article-Small-Basic-How-to-Create-an-Extension-Using-C/ba-p/335519
632,2012/11/04/small-basic-the-gas-physics-challenge/,Small-Basic-The-Gas-Physics-Challenge/ba-p/335517
633,2012/11/02/small-basic-contest-winners-technet-wiki-content/,Small-Basic-Contest-Winners-TechNet-Wiki-Content/ba-p/335516
634,2012/10/27/click-the-button-small-basic-featured-program/,Click-the-Button-Small-Basic-Featured-Program/ba-p/335511
635,2012/10/26/small-basic-technet-wiki-contest-update/,Small-Basic-TechNet-Wiki-Contest-Update/ba-p/335509
636,2012/10/25/small-basic-elementary-middle-student-testimonials/,Small-Basic-Elementary-amp-Middle-Student-Testimonials/ba-p/335508
637,2012/10/24/small-basic-the-wave-challenge-september-challenge-results/,Small-Basic-The-Wave-Challenge-September-Challenge-Results/ba-p/335492
638,2012/10/23/getting-johnny-to-code-response-to-why-cant-johnny-code/,Getting-Johnny-to-Code-response-to-quot-Why-Can-t-Johnny-Code/ba-p/335491
639,2012/10/22/the-unique-features-of-the-small-basic-language/,The-Unique-Features-of-the-Small-Basic-Language/ba-p/335489
640,2012/10/19/small-basic-tutorial-a-simple-savings-calculator-for-kids/,Small-Basic-Tutorial-A-Simple-Savings-Calculator-For-Kids/ba-p/335487
641,2012/10/16/small-basic-new-technet-wiki-contest/,Small-Basic-New-TechNet-Wiki-Contest/ba-p/335482
642,2012/10/15/6-lessons-to-learn-small-basic-and-graduate-to-visual-basic/,6-Lessons-to-learn-Small-Basic-and-graduate-to-Visual-Basic/ba-p/335480
643,2012/10/12/small-basic-extensions-gallery/,Small-Basic-Extensions-Gallery/ba-p/335478
644,2012/10/10/1942-featured-small-basic-program/,1942-Featured-Small-Basic-Program/ba-p/335477
645,2012/10/09/how-to-debug-small-basic-programs/,How-to-debug-Small-Basic-programs/ba-p/335475
646,2012/10/08/what-are-the-14-keywords-of-small-basic/,What-are-the-14-Keywords-of-Small-Basic/ba-p/335469
647,2012/10/06/small-basic-program-gallery/,Small-Basic-Program-Gallery/ba-p/335467
648,2012/10/05/small-basic-the-50-line-challenge/,Small-Basic-The-50-Line-Challenge/ba-p/335466
649,2012/10/03/small-basic-the-physics-challenge-october-challenges/,Small-Basic-The-Physics-Challenge-October-Challenges/ba-p/335465
650,2012/10/02/got-ideas-for-the-small-basic-blog/,Got-ideas-for-the-Small-Basic-blog/ba-p/335464
651,2012/09/26/this-weeks-featured-program/,This-Week-s-Featured-Program/ba-p/335463
652,2012/09/25/the-blog-is-back/,The-Blog-is-Back/ba-p/335462
653,2011/07/12/small-basic-1-0-is-here/,Small-Basic-1-0-is-here/ba-p/335461
654,2011/02/08/small-basic-v0-95-speaks-another-language/,Small-Basic-v0-95-speaks-another-language/ba-p/335460
655,2010/11/17/small-basic-v0-91-is-more-international-than-ever/,Small-Basic-V0-91-is-more-international-than-ever/ba-p/335458
656,2010/08/16/small-basic-tutorials/,Small-Basic-Tutorials/ba-p/335457
657,2010/06/21/teaching-programming-to-kids/,Teaching-programming-to-kids/ba-p/335456
658,2010/06/11/small-basic-v0-9-is-here/,Small-Basic-V0-9-is-here/ba-p/335455
659,2010/04/26/tower-of-hanoi/,Tower-of-Hanoi/ba-p/335454
660,2010/04/19/sorting-visualization-in-small-basic/,Sorting-Visualization-in-Small-Basic/ba-p/335452
661,2010/03/29/optical-illusions/,Optical-Illusions/ba-p/335450
662,2010/03/08/small-basic-now-with-silverlight/,Small-Basic-8211-Now-with-SilverLight/ba-p/335444
663,2010/02/24/new-home-for-microsoft-small-basic/,New-home-for-Microsoft-Small-Basic/ba-p/335442
664,2010/02/22/sample-of-this-week-snake-bite/,Sample-of-this-week-Snake-Bite/ba-p/335441
665,2010/02/08/announcing-small-basic-v0-8-again/,Announcing-Small-Basic-v0-8-again/ba-p/335439
666,2010/02/04/small-basic-v0-8/,Small-Basic-v0-8/ba-p/335438
667,2010/01/08/teaching-kids-to-code-free-classes-in-jan-2010/,Teaching-Kids-to-Code-8211-FREE-classes-in-Jan-2010/ba-p/335435
668,2009/11/14/small-basic-programs-in-25-lines/,Small-Basic-Programs-in-25-lines/ba-p/335434
669,2009/10/25/graduating-from-small-basic/,Graduating-from-Small-Basic/ba-p/335426
670,2009/10/23/happy-birthday-small-basic/,Happy-Birthday-Small-Basic/ba-p/335419
671,2009/10/02/sample-of-the-week-soko/,Sample-of-the-Week-SOko/ba-p/335416
672,2009/09/11/collision-physics-with-small-basic/,Collision-Physics-With-Small-Basic/ba-p/335413
673,2009/08/19/now-available-small-basic-v0-6/,Now-available-Small-Basic-v0-6/ba-p/335411
674,2009/07/28/introducing-small-basic-manual-available-in-german/,quot-Introducing-Small-Basic-quot-manual-available-in-German/ba-p/335346
675,2009/07/15/star-gates-sample-of-the-week/,Star-Gates-Sample-of-the-Week/ba-p/335345
676,2009/07/01/sample-of-the-week-gorillas/,Sample-of-the-week-Gorillas/ba-p/335341
677,2009/06/26/small-basic-now-in-russian/,Small-Basic-now-in-Russian/ba-p/335340
678,2009/06/25/running-localized-versions-of-small-basic/,Running-localized-versions-of-Small-Basic/ba-p/335338
679,2009/06/23/color-picker/,Color-Picker/ba-p/335337
680,2009/06/22/api-reference/,API-Reference/ba-p/335335
681,2009/06/20/arrays-in-small-basic/,Arrays-in-Small-Basic/ba-p/335334
682,2009/06/17/spanish-documentation-now-live/,Spanish-Documentation-now-live/ba-p/335333
683,2009/06/16/small-basic-v0-5-is-here/,Small-Basic-V0-5-is-here/ba-p/335332
684,2009/06/16/the-newest-leanest-and-the-meanest-is-here/,The-newest-leanest-and-the-meanest-is-here/ba-p/335331
685,2009/05/14/asteroids-v2/,Asteroids-v2/ba-p/335329
686,2009/05/12/asteroids/,Asteroids/ba-p/335326
687,2009/05/04/french-documentation-is-now-available/,French-Documentation-is-now-available/ba-p/335324
688,2009/04/16/whats-new-in-v0-4-of-small-basic/,What-s-new-in-v0-4-of-Small-Basic/ba-p/335323
689,2009/04/14/v0-4-of-small-basic-says-bonjour/,v0-4-of-Small-Basic-says-quot-Bonjour-quot/ba-p/335322
690,2009/03/27/sample-of-the-week-turn-em-off/,Sample-of-the-week-Turn-em-Off/ba-p/335321
691,2009/03/16/small-basic-on-facebook/,Small-Basic-on-Facebook/ba-p/335319
692,2009/03/13/sample-of-the-week-super-pong/,Sample-of-the-week-Super-Pong/ba-p/335318
693,2009/03/04/learning-small-basic/,Learning-Small-Basic/ba-p/335314
694,2009/02/13/sample-of-the-week-bricks/,Sample-of-the-Week-Bricks/ba-p/335313
695,2009/02/10/announcing-v0-3-again/,Announcing-v0-3-again/ba-p/335311
696,2009/02/10/microsoft-small-basic-v0-3-is-here/,Microsoft-Small-Basic-v0-3-is-here/ba-p/335310
697,2009/01/20/small-basic-is-on-channel-9/,Small-Basic-is-on-Channel-9/ba-p/335309
698,2009/01/04/the-turtle-says-happy-new-year/,The-Turtle-says-Happy-New-Year/ba-p/335308
699,2008/12/28/tetris-sample-of-the-week/,Tetris-Sample-of-the-Week/ba-p/335306
700,2008/12/23/small-basic-communities-in-russian-portuguese-and-turkish/,Small-Basic-communities-in-Russian-Portuguese-and-Turkish/ba-p/335304
701,2008/12/17/announcing-small-basic-v0-2-again/,Announcing-Small-Basic-v0-2-again/ba-p/335303
702,2008/12/17/announcing-small-basic-v0_2/,Announcing-Small-Basic-v0-2/ba-p/335302
703,2008/12/07/snake-in-small-basic/,Snake-in-Small-Basic/ba-p/335301
704,2008/11/30/code-gallery-for-small-basic/,Code-Gallery-for-Small-Basic/ba-p/335297
705,2008/11/17/sample-of-the-week-ii/,Sample-of-the-Week-II/ba-p/335296
706,2008/11/11/small-basic-and-the-goto-keyword/,Small-Basic-and-the-quot-Goto-quot-keyword/ba-p/335294
707,2008/11/06/using-command-line-arguments/,Using-Command-Line-Arguments/ba-p/335293
708,2008/11/01/sample-of-the-week/,Sample-of-the-Week/ba-p/335292
709,2008/10/27/extending-small-basic/,Extending-Small-Basic/ba-p/335290
710,2008/10/23/hello-world/,Hello-World/ba-p/335289
